	Bom								
"2027,""Agora, s√≥ resta a saudade üò¢"""	Ruim								
22088,escola amanh√£? to fora	Ruim								
20664,Os cara do p√¢nico n√£o perdoa jkkkkkkkkk	Ruim								
18976,TWO TWEETS IN TEN MINUTES? WE'VE BEEN BLESSED TODAY https://t.co/jKXzvGtV2P	Bom								
21907,A divers√£o da minha vida √© ouvir covers de minhas musicas preferidas	Bom								
5385,Ah Paloma quer pq quer senta no pai	Neutro								
"21113,""@khauani_Duarte to at√© c saudade dele, sabia"""	Bom								
4824,reconcilia√ß√£o com a pessoa que voc√™ ama √© a melhor coisa do mundo ‚ù§Ô∏è	Bom								
8246,To brava  #askbelieber	Ruim								
22248,@Magrao_SCCP @guipaoficial Fmz chocador de Aurora !	Neutro								
1695,meu pe ta doendo s√≥ de ve as foto credo	Ruim								
21740,Vai Wilber. Continua seguindo o baile	Neutro								
183,@changyuxs partiu	Bom								
11072,essa foi pra acabar com o ano...	Ruim								
"18396,""Drogon: N√£o mexam com a mam√£e! "	Ruim								
#Dracarysüî•üî•	Neutro								
"#GOTBr #GameOfThrones #GoTS7 https://t.co/ZCyBmTM0bT"""	Ruim								
13521,Todos os meus amigos t√£o  com problemas meio s√©rios e eu t√¥ me sentindo meio in√∫til por n√£o conseguir fazer eles se sentirem melhores	Ruim								
4244,a√≠ q xexelenta	Bom								
18297,a que ponto eu cheguei vendo reality de encontros amorosos ?	Neutro								
19332,Mo parada	Ruim								
2591,ah mas eu vou ver de novo sim	Bom								
"10075,""To querendo muito que me chame amanha pra conversarmos bastante, quero sair com voce &lt"	Bom								
404,acho que 2017 vai ser o ano em que eu vou mostrar alguma grava√ß√£o minha para os meus pais sem ser for√ßada ou me sentir mal com isso	Bom								
15485,S√©loco m√≥ frio https://t.co/oO1KGXAre5	Ruim								
8636,JOAO PEDRO PARA DE TWITTAR NA MINHA CONTA DEMONIO	Ruim								
13118,preciso de pazzzzzz de tudo ‚òÆ https://t.co/siFvS7hCKy	Ruim								
14515,Meu sonho de princesa de ter minha cama king vai ser realizado com essa reforma que estou fazendo no meu quartinho	Bom								
9126,Vou investigar  #askbelieber	Bom								
9448,DRACARYS NA PORRA TODAAAAAAAAAAAAAA!!!!!! #GoTS7	Neutro								
13090,√©*	Neutro								
6423,sjsiahsuahshahahauauahaauuaahaahauahakakaakakajajakakakakahsuahsuasuuashah https://t.co/ARvV5LWgpX	Ruim								
17659,Mindinho for√ßando amizade com o Bran #GOT7	Ruim								
13190,E assim terminamos o sarau: Fernanda Zara chorando e prof. Daniel querendo nos levar pro teatro municipal rsrsrs	Neutro								
20523,@Anatavares015 ficou bonitinho vai	Bom								
7999,SIM https://t.co/RlO0pr8T1c	Bom								
"22694,""meu sonho de princesa saber de onde tiram q eu namoro "	Ruim								
s√≥ se for a solid√£o 	Ruim								
os boletos 	Neutro								
"as s√©rie"""	Bom								
1120,Mas se tem uma coisa que estou √© feliz	Bom								
"20333,""Porque garotas n√£o mordem "	Bom								
"A menos que voc√™ pe√ßa üé∂"""	Neutro								
"17594,""Na teoria o Jaime pode morrer afogado.....pode!"	Ruim								
"Mas n√£o faria o menor sentido narrativamente falando. #GameOfThrones"""	Ruim								
"23268,""Esses dias tocou sua cara na escola, fiquei como ?"""	Neutro								
"15602,""Minha fam√≠lia inteira """"Pr√≥ximo casamento √© seu em Sa"""" claro lindos, arrumem a noiva que eu caso"""	Bom								
"20961,""uma coisa que era pra ser f√°cil e """"prazerosa"""" acaba ficando massante"""	Ruim								
13995,N√ÉAAAOOOOOO #IveteAvontade https://t.co/ZpDyZpt0mS	Ruim								
5918,A que dorme no meio da conversa? Eu mesma	Bom								
"10428,""T√£o in√∫til √© o orgulho, passageiro √© o mundo..."""	Ruim								
19330,to triste pq meus pulsos est√£o mais marcados ainda	Ruim								
21169,minha pr√≥pria irm√£ me fazendo cair no gemid√£o	Neutro								
7675,Meu Deus que vontade de comer algo doceeee	Bom								
"12318,""oik eh lindo msm ne, como pode"""	Bom								
3409,Deveria ter ido p pagode!!!!!	Ruim								
22185,Ok preciso dormir	Bom								
16529,Amo‚ù§Ô∏è‚ù§Ô∏è‚ù§Ô∏è‚ù§Ô∏è https://t.co/uC6NI8RRnN	Bom								
10241,Que dor no peito :x	Ruim								
839,pis√£o https://t.co/LZBOGUVxl2	Neutro								
"10920,""Vou dormir, boa noite"""	Bom								
6594,Doe org√£os #Fant√°stico	Bom								
9266,Estou t√£o orgulhosa da pessoa que estou me tornando	Bom								
"17534,""Ol√°, n√£o tenho assunto mas tenho interesse."""	Bom								
"17020,""@Oliverasmath E quem me viu, se visse hoje n√£o acreditaria"""	Bom								
"10601,""tive piercings em v√°rios lugares e nenhum foi t√£o filho da puta quanto esse na parte da cartilagem da orelha, saporra nunca mais cicatrizou"""	Ruim								
22837,S√≥ de pensar que eu tenho q acordar cedo ja bate m√≥ tristeza	Ruim								
"21681,""T√¥ deixando rolar, o que for pra ser, ser√°... e o que n√£o for, vai da um jeito de sumir da minha vida e chegar algo muito melhor! ?"""	Bom								
11979,Boa noite mundo	Bom								
18495,ADOROOOOOOOOO https://t.co/VrMhcg0zl6	Bom								
18678,Eu https://t.co/Y2OymOF2cF	Bom								
"8328,""@crvgabs Sim gabi, to complicado, as pessoas so me chamam pra comer, assim n√£o d√°aaaaa"""	Ruim								
15897,FODA SE MEU ANJO	Ruim								
21327,@netto_lolo @_arthurvital ngm liga mane	Neutro								
10555,@bemyguest__ @EduNFL @Madden_in_Brasi @mimentz @LauraPeconick EU TBMM EUUUU	Bom								
10999,Linda mesmo	Bom								
14707,s√≥ agradece üôåüèª	Bom								
"21765,""@_camifacchini @lucasvinnicius_ Ah t√°, OU √â CINTURINHA OU √â LUCAS OU VINICIUS ASSIM NUM D√Å qnt nome mds"""	Bom								
"5801,""You're just everything to me! I'm very proud to be your fan @dinahjane97 Follow me and fulfill my dream, I beg you please. x30"""	Bom								
17237,N√£o consigo nem pensar em tirar uns nudes	Neutro								
"23302,""N√£o importa quanto tempo demore, a promessa do meu Deus n√£o falhar√°"""	Bom								
490,@HayesGrier  @LukeFoushee   This was 1 year Ago! You Remember? TE AMO ‚ô•üáßüá∑ https://t.co/0hJt4nJeam	Bom								
"6751,""segunda feira = 12 letras"	Neutro								
Derrota do SP + tristezas =20 letras	Neutro								
12+20 = 38 	Neutro								
"Euuuuuuuuuuuuuuuuuuuuuuuuuuuuuuuuuuuuu = 38 Letras"""	Neutro								
5924,Hoje s√≥ queria dormir com algu√©m pegando nos meus peitos memo	Neutro								
22715,SCRR KKKKK ESSE √â O MEU VIDOE FAV https://t.co/iRCcUTUDwR	Bom								
10682,T√° patenteado kakak https://t.co/OSvFlI1Aua	Bom								
15672,@raquelsalotte @beatriz_chama Agora que eu me vi na foto	Bom								
18561,Quem quiser compra uns retrovisor de 66 da um salve ü§ôüèª	Neutro								
"21932,""Eu tava feliz, comecei a ouvir Lana Del Rey e fiquei triste, n√£o aguento as letras dessa mulher √© bad d+"""	Ruim								
"15955,""M√™s que vem eu j√° fa√ßo 19 anos e ainda n√£o tenho barba, triste."""	Ruim								
8025,Sor Davos sempre sabe o que dizer. Kkkkkkkkkk  #GoTS7 https://t.co/pVAQbI4Gh3	Bom								
"16702,""Eu dormi pra coroooi esse fds, mas vou acordar amanh√£ morrendo de sono"""	Ruim								
23234,Parei com esse p√¢nico	Neutro								
"21975,""@EnzoKotzu eu confio que aquele n√£o seja voc√™ de verdade bran, relaxa https://t.co/9sVAJNbkDA"""	Bom								
"6480,""mais uma decep√ß√£o amorosa que chega e com ela a """"segue o baile"""""""	Bom								
16718,Culto foi bom demais e dps de boa c meu amorr	Bom								
18367,Como podemos observar a vit√≥ria √© a chata da escola https://t.co/a1qaMAg5Xt	Ruim								
10502,Sor Bronn vingativo msm	Ruim								
4448,Dia de #DominGoT com @sitePopCultura e pipoca nos baldes da @cinepolisbrasil https://t.co/M7ZoQrccqj	Bom								
11005,@pequenolusca s√≥ aprender a jogar futebol	Neutro								
3385,a melhor coisa q eu fa√ßo √© ir dormir	Bom								
5574,vontade de chutar	Bom								
2934,cheguei inferno	Ruim								
"8879,""o que adolescentes normais querem: namorar"	Bom								
									
"o que eu quero: dinally follows"""	Bom								
22188,E QUE J√Å NAO DAVA MAISSS	Ruim								
"7021,""Gente que lindeza, apx estou https://t.co/rjeg6W7LLA"""	Bom								
19771,Pra quem t√° na d√∫vida eu n√£o namoro mais rss	Neutro								
17207,q virada kkkk	Bom								
10624,Eu espero ficar NUA	Neutro								
"20400,""@missassenach @annabalfe miga √© bom? t√¥ muito afim de comprar pelo plot, mas ainda t√¥ meio assim"""	Neutro								
7415,Melhor qualidade do q volume kk	Bom								
12770,b√° o @diego_burkert √© foda EUOIEUOIE	Neutro								
9160,@llysmSeokjin https://t.co/P2SVxzbPpr	Bom								
19185,Nenhum pouco animado pra voltar pra faculdade	Ruim								
8256,Um mito da vida kkkkkkkkkkkkkkkkkkkkkkkkkkkkkkkkkkkkkkkkkkkkkkkkkkkkkkkkkkkkkkkkkkkkkkkkkkkk https://t.co/NvPDX6QZkP	Bom								
2436,Mais de duas horas no cel	Neutro								
4406,Quero abrir alguma loja de alguma coisa	Bom								
3090,Eu s√≥ pego no ar essas troca de indiretas	Neutro								
3572,Que sono mano üòê	Bom								
22542,00:00 meet shawn :)	Bom								
8534,T√¥ atacada üòÇ	Ruim								
"5086,""√Äs vezes tenho medo de ler certas coisas aqui, prefiro ficar alienada a ver."""	Neutro								
"9745,""Quero muito ir pra BUG quinta,mas n√£o tem ningu√©m pra ir comigo üòü"""	Ruim								
159,To loko pra comer pizza de chocolate	Bom								
22909,os dedinho dele https://t.co/oOvJuekckV	Neutro								
"22586,""Moz√£o n√£o gostou da foto que tirei dele, to nem ai"""	Neutro								
"11173,""Mano, h√° 1 ano atr√°s, estava tendo um dos piores dias da minha vida!"""	Ruim								
"6848,""hoje eu s√≥ t√¥ esse cachorrinho, lamentando a vida mentalmente https://t.co/03VJ0nb4xj"""	Ruim								
7029,Fiz um x-salada monstro	Bom								
4689,MINHAS MENINAS LINDAS EU AMO TANTO SOCORRO	Bom								
"6843,""#OsVelhinhosSeDivertem veinhos p/ pessoal """"aonde podemos mostrar a bunda?"""" üòÇüòÇüòÇüòÇüòÇüòÇ #HAHAHAHAHAHA #ProgramaSilvioSantos @PgmSilvioSantos."""	Bom								
"18540,""Acordar e transar, durmir e transar, comer e transar, tomar banho e transar üíô amo amo amo"""	Bom								
15785,@flawlessxzz pegou mt pesado meu deus :z	Ruim								
14262,@Felshow10 com direito a bolo do botafogo hahaha	Bom								
"22805,""Queria que tivessem me avisado antes que depois de assistir """"A Cabana"""" meu rosto ia ficar inchado de tanto chorar pqp"""	Ruim								
11029,@_donghaek jaja eu venho	Neutro								
9,Isso muda meu dia/minha noite https://t.co/HCCrtDxNvn	Bom								
9468,Eu fiz  #askbelieber	Bom								
10607,‚ù§Ô∏è‚ù§Ô∏è‚ù§Ô∏è https://t.co/L2aOuQgc22	Neutro								
9013,AAAAAAAAAAAAAAAAAAAAAAAAAAAAAAAAAAAAA	Neutro								
"7703,""DEIXA EU TE CONHECER, ME DIGA QUEM √â VOC√ä https://t.co/hTenhsqAWu"""	Neutro								
14957,@omarcosmacedo te ver parece miss√£o imposs√≠vel fera	Neutro								
568,@lucasedson00 Kkkkkkkk q resenha √© essa meu rei	Bom								
6676,@ilovesafadeza https://t.co/t4aA8eWpNp	Bom								
"18132,""dracarys n √© o nome do drag√£o"	Neutro								
dracarys n √© o nome do drag√£o	Neutro								
dracarys n √© o nome do drag√£o	Neutro								
dracarys n √© o nome do drag√£o	Neutro								
dracarys n...	Neutro								
									
"#GOT7"""	Neutro								
8571,Theon Greyjoy a√≠ meu Deus..  Jon n√£o deu nele... #GoTS7 #GameOfThrones	Ruim								
23062,GOSTO ASSIM https://t.co/eA1WcXaRgH	Bom								
13744,https://t.co/fNAcb8rDiU	Neutro								
4469,EU T√î SOFRENDO ANTECIPADAMENTE	Ruim								
18539,Mtt bom minha vibe com minhas beb√™s S2 me dou super bem	Bom								
5219,Essa borboleta.. eu nem tenho o q falar.. https://t.co/aqJTq3NjVx	Bom								
"18014,""bah o guilherme se acha n√©, mere√ßo"""	Ruim								
22281,O #JornaldeDomingo est√° chegando ao fim. Semana que vem voltamos com mais entrevistas e destaques da reda√ß√£o. Uma √≥tima noite!	Bom								
9416,hj fui na missa de novo e me senti uma completa retardada descolada oba	Bom								
11204,a oferta ainda est√° de p√©	Bom								
19009,Crush n√£o me decepcionaaaa	Bom								
23237,deus me defenda	Ruim								
19446,@Lyncoln_7 @gabyrteles fala bonito √© com nois memo HAHAHA	Bom								
695,J√° aconteceu cmg üòÇüòÇüòÇüòÇüòÇ https://t.co/KVSsOsJsoE	Bom								
"22698,""Nunca comi um Mc com tanto gosgo, depois de 2:30 esperando o pedido do subway. Pedi um Mc e em menos de 30min ja tava comendo"""	Bom								
18648,Bendito seja o ser que inventou o uber meus queridos	Bom								
15615,Po√©tico mas √© verdade https://t.co/2G28KyJOQp	Bom								
19405,vou dormir	Bom								
21473,Meu deus n√£o pode ser https://t.co/RBrSmkeewG	Ruim								
"6374,""muuuuuuuuuita midiazinha pra quem chorava pra mina dos outros, segue o baile"""	Neutro								
18020,@PeixotoWender Deu nisso...	Neutro								
"18130,""Fui pra praia e dormi com meu nen√©m, que dia bom üë©‚Äç‚ù§Ô∏è‚Äçüë®‚ù§Ô∏è"""	Bom								
5914,eu tenho tanta coisa essa semana	Bom								
22749,EU E QUEM https://t.co/e5KnjAFa9l	Bom								
3400,N√£o acredito	Neutro								
18104,@frigericat Amoo tuu	Bom								
5153,BOA NOITE A TODOS BRASILEIROS	Bom								
6949,T√¥ t√£o titi ser√° que voce poderia me levar no cinema?	Neutro								
19568,Engra√ßado demais quem usa o stories do wpp pra postar indireta pros contatinhos KKKK	Bom								
19447,@lisaopppa um desperd√≠cio de hino chega d√° raiva	Ruim								
3384,Vamos beber? #askbelieber	Bom								
22054,Caralho...	Ruim								
"23075,""@JuliaLima97 Deus me livre mulher kkk, n fala isso depois da treta q deu c KARD kkk, queria tipo Ponto Kpop, que j√°‚Ä¶ https://t.co/3hT4gJpRqv"""	Bom								
22874,@MatheusAM17 recado do hempire https://t.co/I2hHlt5YOm	Ruim								
"2380,""Quero ver mudar mas se eu aqui s√≥ esperar, eu sou um deles...sou s√≥ um deles"""	Bom								
"21382,""@Isa_feltrin Miga eu vou come√ßar, se √© s√©rie de sofrer eu j√° quero, rs"""	Bom								
1151,nem contei que sonhei com stony foi mt bom	Bom								
16635,Tenho tend√™ncia a estragar as coisas.	Ruim								
22121,ESPECIAL E FICA NA VONTADE DE VER OUTRAS S√âRIES AINDA E CEDO V√ä AINDA EM HD 720p A MAIORIA DAS PESSOAS ESTUDAM \√ï/	Bom								
"12118,""""""Quem pode pode, quem n√£o pode manda indireta"""", hahahhhha nada contra ningu√©m !!! ü§îü§îü§îü§îü§îü§îü§îü§îü§î https://t.co/scLihXE3cB"""	Bom								
402,Essa saudade n√£o sai de mim mais	Bom								
6991,mds trouxeram um cheesecake pra mim to morrendo	Bom								
16783,rol√™ de domingo j√° √© doen√ßa	Neutro								
"21578,""adoro meter uma de arteira nas ideia"	Bom								
sentei me foder fodeu 	Neutro								
"se n√£o, s√≥ sucesssoooooooo"""	Neutro								
3468,SAI DE PERTO DO MEU BRAN EMBUSTE	Neutro								
359,Me identifico KKKKKKKK https://t.co/LcEbs0PY3J	Bom								
5782,Se tudo der certo	Neutro								
15850,Verdade 70% https://t.co/PrjuxwFaFG	Bom								
"13999,""gente todo mlq q fla d mim p minhas irm√£s, elas ficam flando q n curto homem certinho kkkkkkkkk eu casco mto"""	Bom								
17063,Quando tu t√° no tr√¢nsito e tira foto foda com a luz do freio do cara da frente https://t.co/uTM0MOnJiY	Neutro								
"1011,""Hahaha, a√≠ amiga, o que vc acha dessa nova t√°tica? üò¨ @gabif86 https://t.co/qJ6SxoYiAl"""	Neutro								
11208,MAS ERA √ìBVIO QUE ISSO IA ACONTECER EU T√î COM RAIVA	Ruim								
"4025,""@nextelbrasil adianta a renova√ß√£o da minha internet ai, t√° muito lerda e ainda faltam 19 dias  üò£üò£"""	Ruim								
6207,@giuli_basilio @rhycavalcante @ggiovannagp @jessepinkmans_ eu sou muito apaixonada plea primeira foto	Bom								
3920,@Kanon41 Eu desenhei sdkjfnskj	Bom								
"14941,""Melhor narra√ß√£o, t√¥ rindo muito üòÇüòÇ https://t.co/5vS2FNzkjR"""	Bom								
"7037,""ü¶ã- n√£o vou ver mais üíî, mas acho um amor de pessoaaaa"""	Bom								
2636,o james wan √© irm√£o do kagawa	Neutro								
17795,Mds como faz pra pular para o pr√≥ximo domingo? #GameOfThrones https://t.co/DJPcXUl0i4	Ruim								
"1875,""N√£o entendi o que esse menino fez, pagou de bugrino ontem no jogo, e hj foi na torcida da ponte ü§îü§îü§îü§î"""	Neutro								
"6628,""As vezes me pergunto se eu n entendi errado, confundi amizade com estar apaixonadoooo"""	Neutro								
12018,@tapprestes @s1kehpc Vou me intrometer pra falar pra voc√™ estudar mais ingles (comigo)	Bom								
3999,VOC√äS PODEM FAZER O JOGO QUE QUISER QUE NO FINAL NOIS VAI ROUBAR SEU VIDEO GAME üé∂ legenda da prox pic	Neutro								
"5904,""@_laisduque kkkkkkkkkkkkkkkkkk creio q sim, porque?"""	Bom								
21976,2. na verdade eu sou o lixo que aparece l√° tr√°s https://t.co/WKcxB2yyRs	Neutro								
12557,@marinafvieira Kitristi	Neutro								
22403,Muitos quem? JORGINHO N√ÉO!  #RuedaNoFlamengo #VemRueda https://t.co/Rywb8jfR6D	Ruim								
"22269,""olha isso bicho ela fala bem d+ PISA MENOS LOLLY"	Neutro								
"https://t.co/l2gOifDfVk"""	Neutro								
19710,Sou uma parte do todo	Bom								
2361,S√≥ fui bem nessa rodada porque escalaram pra mim üòÖ	Neutro								
"12281,""De repente tomei um susto pensando que o anivers√°rio da minha irm√£ havia passado a dias e eu n√£o mandei mensagem"	Ruim								
"na vdd ainda nem chegou"""	Bom								
"16091,""n√£o vou conseguir dormir e a culpa √© de GOT, s√£o muitas teorias"""	Neutro								
5022,parei de fazer tanta coisa que me fazia bem aaaaaaaa	Ruim								
1490,the burden's on your back	Neutro								
21942,solamente rio de tu	Neutro								
"8143,""O Abel ensinou muita coisa desde a morte do seu filho... certamente √© um homem aben√ßoado! "	Bom								
									
"N√£o sei se eu teria toda essa for√ßa!"""	Neutro								
"17510,""domingueira da melhor forma, s√≥ agrade√ßo !"""	Bom								
"18006,""@PabloAn9 @FFeniar Que bad do crl par√ßa, sai dessa"""	Neutro								
"14830,""amanh√£ lan√ßa o corte, pq sexta n√£o deu ü§¶üèª‚Äç‚ôÄÔ∏è"""	Neutro								
21532,üêô- agora sim pode pegar ele rs	Bom								
8208,hmm nao gostei dessa minha pack	Ruim								
"19833,""Segunda eu t√¥ linda, quarta eu sou cinza"""	Neutro								
11745,o meu grande amor https://t.co/dHZm7fm6z4	Bom								
"10530,""M√¥, sou esse cara que voc√™ est√° vendo ü§∑üèΩ‚Äç‚ôÄÔ∏èü§∑üèΩ‚Äç‚ôÄÔ∏è https://t.co/vShjJPDOR7"""	Bom								
7667,tchau vou assistir filme mores	Bom								
9857,Aiaiaiaiaiaiaiaiaiaiaaaaaaa iaiaaiaiaiaiaiaiaiaiaiaiiiiii üêéüêéüêéüêéüêéüêéüêéüêéüêéüêéüêéüêéüêéüêéüêéüêéüêéüêé#GoTS7	Neutro								
"17444,""Vamos subir essa tag pra mana, os tr√™s milh√µes t√° chegando VIVIAN RUMO TR√äS MILH√ïES"""	Neutro								
18004,gnt to mto feliz de verdade	Bom								
842,Que frio üò¨üò¨	Ruim								
5214,t√¥ jogado kk	Neutro								
18443,E ainda sim tem pessoa que n√£o d√° valor nisso https://t.co/bxQffW1kct	Bom								
18062,@becca_siss tem como vossa senhoria me dizer quem √©	Neutro								
5048,eu to triste cm esse video  aah https://t.co/vS7hyRNMG0	Neutro								
"5558,""Faz tanto tempo q eu n√£o vou √† praia, sentar no banco e fazer absolutamente nd, estou morrendo de vontade"""	Ruim								
"13367,""@Alakurt79 Bom dia aben√ßoado, obrigada por nos avisar de sua conta no instagram,"""	Bom								
"16083,""T√¢ntrica, natural e m√°gica, o sutil e o corp√≥reo, no eterno e transit√≥rio instante que se passava"""	Bom								
11773,pensei que ia vir uma bomba	Neutro								
"10969,""√çndices de rejei√ß√£o parecidos, z√© Ricardo no Flamengo e Temer no Jaburu."	Neutro								
- Z√© Ricardo caiu.	Neutro								
"- Temer √± caiu pq comprou o time e a diretoria."""	Neutro								
5698,@CesarFilho @macmarcoaurelio Marco Aur√©lio Cunha...mais um rid√≠culo.... Esse sr. se omitiu e apoiou esse lixo de presidente que temos  hoje	Ruim								
22157,Boa noite!	Bom								
"18358,""Meu Deus, minha m√£e n√£o dorme NUNCA. Acho que j√° ouvi ela trancando as portas l√° debaixo mais de 4 vezes"""	Ruim								
5832,Amor da minha vida https://t.co/Nwqv7HEyei	Bom								
3595,FALSO DO CARALHO	Neutro								
"13657,""@dinahjane97 You're just everything to me! I'm very proud to be your fan. Follow me and fulfill my dream, I beg you please. x221"""	Bom								
22151,Que saudade de umas pessoas	Bom								
5478,Meu deus do ceu eu amo tanto lee minhyuk eu vou morrer de amor	Bom								
14444,Tem 'relacionamento' que terminar √© a maior prova de amor. Amor pr√≥prio.	Bom								
6717,Eu n sei pq estou chorando	Ruim								
22730,Novinha voc√™ ta na minha mira üé∂	Bom								
"14943,""Gi e Daniel √© um dos meus casais preferidos, sem mais üòç"""	Bom								
13302,@marinafvieira Eu nao tenho net now amiga comofas	Ruim								
"11111,""mano "	Neutro								
o drogon ferido e a dany descendo dele pra tirar a porra daquela flecha de ferro 	Neutro								
"que m√£e bicho #GoTS7"""	Neutro								
6278,nem uso mais meus instas	Neutro								
23243,Dps de mil anos assisti cinquenta tons mais escuros e cara! QUE FILM√ÉO DA PORRA	Bom								
"3933,""mo fita, um m√™s atr√°s eu achava q tinha me apx, mas era s√≥ pq eu gostava mt da companhia do gabriel e nd mais q isso pq eu cagava p tudo"""	Neutro								
10261,n√£o trabalho com regress√£o s√≥ com lan√ßamento	Neutro								
"20230,""ele √© t√£o legal, pena que da umas mancadas mostras"""	Ruim								
6931,#RuedaNoFlamengo https://t.co/ZL3Wl4u2it	Neutro								
22661,Eu queria tanto fazer couple :c	Neutro								
10758,o problema de come√ßar got √© que ja sei tudo o que aconteceu https://t.co/QO4X4DG1ch	Ruim								
1256,vendo decep√ßoes 10 centavos cada	Ruim								
21656,Eu bebi saudade a semana inteira	Ruim								
"14025,""ZR fez um esfor√ßo herc√∫leo pra ser demitido."	Ruim								
Se perdeu com falta de padr√£o ao time.	Neutro								
"Se apegou aos perebas."""	Ruim								
"20759,""""""ah, cagueta"""""	Neutro								
enfia eles no cu ent√£o porra	Ruim								
"dps que for assaltado, n reclama n√£o, tomar no cu p l√°"""	Ruim								
20637,Fui üòÇüí§üê∂ https://t.co/0Q3unuQ2zj	Neutro								
"21307,""Preciso ganhar dinheiro, final do ano quero viajar!! ‚úàüåê"""	Neutro								
2467,EU QUERO VER DRAGAO FAZENDO CHURRASCO DE HUMANOOOO #GoTS7	Bom								
"3736,""Will fica toda hora falando p mim """"para m√¥ooo"""" KKKKKKKK essa crian√ßa √© dms aaaaa como eu amo"""	Bom								
"11302,""You're just everything to me! I'm very proud to be your fan @dinahjane97 Follow me and fulfill my dream, I beg you please. x206"""	Bom								
8348,Nossa quando eu ver esse menino vou socar a cara dele no asfalto	Ruim								
13403,se afasta mesmo de mim vai	Ruim								
11082,Queria ter paci√™ncia pra responder td mundo q me chama no wpp queria mt	Neutro								
19370,eu cansei de ser ignorada	Ruim								
"15653,""@carolmoreira3 Escorpi√£o, drogon, mindinho e arya"""	Neutro								
"5580,""""""Eu escolhi ensinar a amar o Amor."""""	Bom								
"- Santa Teresinha do Menino Jesus ‚ù§Ô∏è"""	Bom								
1845,qm nunca stalk e se arrependeu n√© n√£o	Neutro								
22887,Empregado com identifica√ß√£o com o Flamengo s√≥ Luxemburgo..Ser√°?	Neutro								
21118,Revoltada üôÑüôÑ	Ruim								
2402,EU EATOU MUITO TRISTE https://t.co/SLI3KQNE0w	Ruim								
"10643,""Assisti Fragmentado hoje, e nossa, que filme bommm"""	Bom								
13802,#IveteAVontade a tag caiu	Ruim								
3321,@joaoo Se fizer bem gostosinho a gente consegue superar a anaconda hahahaha	Bom								
"22708,""@_NHernandez Amooooooo, MENINA voc√™ viu aquele neg√≥cio que amassa o alho mais f√°cil? Uma del√≠cia"""	Bom								
"13017,""@julioof_ menina, nem parece a dany do epis√≥dio missah"""	Neutro								
22643,n√£o quero acordar cedo amanh√£ üòñ	Ruim								
5368,Falto a companhia no Dogao	Neutro								
5426,Gente na boa de problem√°tica j√° tem eu certoü§ôüèø	Neutro								
20049,acho que preciso de outras f√©rias	Ruim								
7916,chorando de odio de certos @ na timeline que ultimamente s√≥ falam MERDAAAAAAA	Ruim								
3897,vou voltar a assistir House que eu ganho mais.	Bom								
9701,METE FOGO EM TUDO AAAAAAAAAAAA #GAMEOFTHRONES	Bom								
"1625,""11. Elymar Santos """"Eu e voc√™"""" #N√£oErreALetra #ProgramaSilvioSantos"""	Neutro								
18401,@Ribas_Camila29 Boa noite!	Bom								
6502,a mala √© falsa amor	Neutro								
"17973,""@naugustor @Paibiell @nathaliaribeirx Ah, beleza... a que passou e cumprimentou todo mundo menos o ex"""	Neutro								
1483,Tava lembrando do sonho que eu tive com o ex moz√£o	Bom								
7315,@Ixraelito Fala um sensei mal	Neutro								
21120,para todas as minhas amigas sz amo voc√™s https://t.co/eJcFoKsBy5	Bom								
"237,""""""venceu em 2014!! sabe quanto tempo tem isso??? SETE ANOS"""""""	Neutro								
"21269,""@BastardS_oul como assim, que eu to usando agora"""	Neutro								
3845,@AFazendaVTL_ me coloca haha	Bom								
"2682,""Odeio que fiquem martelando os bglho na minha cabe√ßa, vai se foder caralho"""	Ruim								
6285,pronto agora a daenerys acredita que o rei da noite existe #GameOfThrones	Bom								
2702,Come√ßooooooou \o/ #GOTS07E04	Bom								
"19638,""Aquele momento q voc√™ come√ßa a """"quase"""" surtar de ci√∫mes ........."""	Neutro								
15680,@bkfalou @flwandrade @crlhleq @flguri @maybebeta @Marcelooris @Txxlo @nobreuai @lxose @xticomi @fkmothe @luamxc‚Ä¶ https://t.co/pMRPe4Maie	Neutro								
"10700,""#GameOfThrones "	Neutro								
*s√©rie inteira morre*	Neutro								
Me: CARALHL GUERRAS FODA SANGUE AAAA FODA DEMAIS	Bom								
*cavalo morre*	Neutro								
"Me: https://t.co/Yg6OHwOpEh"""	Neutro								
"22455,""@ViCosta09 eu nem fa√ßo isso, j√° tu"""	Ruim								
5951,que ang√∫stia mano.. feliz e triste ao msm tempo	Neutro								
15793,s√≥ f1 mrm pra acalma a mente	Bom								
7175,@manda_spfc LINDA GATA DEMAIS	Bom								
"18347,""Mandei mensagem pra minha m√£e falando que perdi dinheiro e ela bem assim """"Nossa, q louco"""""""	Neutro								
18776,@luclaflop MY DREAM	Bom								
12326,RT @meldotti eu ia no Sor Davos	Neutro								
13105,Puta merda eu t√¥ sad por q esse cara n√£o morre	Ruim								
11758,https://t.co/JO8mYkYYMB	Bom								
11755,Eu e vc #askbelieber	Bom								
4510,ai meu deus como eu queria ter mais tempo aquele dia	Ruim								
15331,@pabllovittar Que vida	Bom								
6260,Um sexo agora caia bem rs	Bom								
16754,VIVIAN RUMO TR√äS MILH√ïES https://t.co/iWQF4ps9KP	Bom								
16108,Eu nunca estive t√£o confusa e emocionalmente exausta e sem entender porra nenhuma do que eu sinto ou quero	Ruim								
"9247,""Quem me ver amanh√£ pode me dar um abra√ßo bem apertado, vou ficar mt felizinha pq to precisando"""	Bom								
2251,Eu arrumando a mochila para a escola e minha irm√£ arrumando as malas p passar as feias em Cancun.. A vida √© injusta mesmo	Ruim								
6102,@BTS_twt QUEM √â PICASSO PERTO DE VOCE	Neutro								
"18548,""Tomar um ch√°, rem√©dio e amanh√£ tem treino üòªüòªüòª"""	Ruim								
"20844,""Sou sequelado, perdoa"""	Neutro								
6826,tyrion √© t√£o inteligente eu esperava mais dele #GotS7 #GameOfThrones	Ruim								
9034,CARALHO PUTA MERDA √â AGORA VAAAAAI DANY #GAMEOFTHRONES	Bom								
4047,O jogador mais mal car√°ter que j√° vi. https://t.co/Qr5sTdrtZr	Ruim								
"19924,""Achei muita foto de 2015, sdds"""	Bom								
22878,Odeio ter rinite	Ruim								
"18755,""√â incr√≠vel, quando eu n quero namorar ou dar prioridade p algu√©m, aparece pessoas que parecem querer isso, mas quando eu to afim......."""	Bom								
13643,@oh_laisa üòÇ	Neutro								
6737,A melhor op√ß√£o para o Flamengo @Getuliovargas01. TREINADOR MODERNO #fimdepapo https://t.co/cJ1Q4Rd2iE	Neutro								
"4363,""Fazer o que, vamo seguindo o baile huehuehue"""	Bom								
"732,"", um amor que surgiu do nada "	Bom								
agora Um amor Vai dura pra vida	Bom								
"toda @Danielzinhoo_1"""	Neutro								
20685,L√™ fanfics? Quais suas favoritas? E quais os seus Shipps? https://t.co/M2vv1s5oAl	Neutro								
21499,Man n√£o consigo gostar de maconha	Bom								
6978,Can someone PLEASE explain to me why the fuck Blaine didn't used the Last Friday Night hat more often	Neutro								
"2469,""ai que vontade de ir pra aula amanh√£"	Bom								
"j√° passou"""	Bom								
"9190,""""""Qual sua s√©rie favorita ?"""" """"As Maldosas"""" eu n√£o mere√ßo, at√© no filme ü§¶"""	Neutro								
21808,fiz amizade com o dog mais fofo do mundo hoje https://t.co/BEqYDKqX4c	Bom								
1306,Deus me defenderay	Neutro								
"10339,""A coisa que achei que faltou foi o resto dos Lannisters"	Ruim								
									
"E os outros 2 drag√µes"""	Neutro								
"1743,""Passei o dia sem √≥culos, depois eu fico com dor de cabe√ßa n√£o sei porque"""	Ruim								
15148,vou ficar mais 80 pq t√° uma bosta	Ruim								
10742,AI MEU DEUS	Neutro								
"20406,""26 - nesses dois anos, vc foi a unica coisa boa na minha vida garoto, vc sabe q eu sempre vou te amar ne?"""	Bom								
14946,pq tem got https://t.co/ef1JFIgpWK	Ruim								
17773,Q saudade do v√¥ neno	Bom								
16580,Eu s√≥ queria poder assistir esse epis√≥dio no cinema. #GoTS7	Ruim								
11259,pregui√ßa&amp                                              	Neutro								
"2890,""De wifi ligado, eu me acalmei um pouco"""	Bom								
19319,#PonteA√©rea segue sendo meu filme brasileiro favorito ‚ù§	Bom								
"1048,""essas minas magras q ficam postando foto e colocando de legenda """"gorda mesmo haha"""" me irritam num n√≠vel que meudeus..."""	Ruim								
"8883,""Amanh√£ come√ßa sofrimento ü§¶üèª‚Äç‚ôÄÔ∏èDieta , maratona de Cardios e por a√≠ vai üôåüèªüëäüèª"""	Neutro								
"16175,""You're just everything to me! I'm very proud to be your fan @dinahjane97 Follow me and fulfill my dream, I beg you please.üôèüñ§ x275"""	Bom								
20251,Guilian √© louco	Neutro								
"12630,""tell me tell me that you want me now "	Neutro								
"I'm yours completely"""	Bom								
4891,√â A COISA MAIS FOFA QUE EU J√Å VI SOCORRO https://t.co/SMnEZ6tcPp	Bom								
"13435,""s√≥ queria ter ficado de boa vendo uns filmezinho e comendo sorvete hoje de tarde com o @, mas rolou tudo errado, tudinho msm"""	Ruim								
586,pq eu fa√ßo essas coisas comigo mesmo mano?	Ruim								
20355,Sono bom da porra	Bom								
20856,@iahgos @NeideImb Hil√°rio e tocante. kkkkkkkk	Bom								
5714,Eu nunca fiquei t√£o empolgado com uma cenaaaaa	Bom								
11829,movies que eu n√£o conferir ainda que logo conferirei VIDA LONGA AO #BJSHARE https://t.co/VYzVvqMGxe	Bom								
617,como pedir pro seu v√¥ que voc√™ quer assistir game of thrones na tv google pesquisar	Neutro								
1150,va te tomar no cu rapaz	Ruim								
"18828,""I can‚Äôt be what you need"	Neutro								
I am stuck in a dream	Neutro								
Don‚Äôt you know	Neutro								
She‚Äôs been here all along	Neutro								
In a dream?	Neutro								
"She belongs in a dream"""	Bom								
2383,@juliasafadona Eu .	Bom								
14006,Esse ep teve 2min ou foi impress√£o msmo? #got	Ruim								
8757,Quem achava que o Z√© era o culpado de tudo deve curtir o momento. Quem achava que o problema era mais complexo vai se preparar pro pior.	Ruim								
13631,Arrotando o almo√ßo da minha sogra at√© agora ü§§	Neutro								
"23061,""√ìtima noite. "	Bom								
"E um √≥timo come√ßo de semana ‚úîÔ∏è‚úîÔ∏è"""	Bom								
"8860,""Por mim, o Jon n√£o se ajoelharia nunca pra Dany"	Ruim								
Jon rainha Daniele nadinha bjs	Bom								
"#GoTS7"""	Neutro								
17261,tem mt merda p acontece at√© o final do ano ainda q nossa	Ruim								
2863,@Eulmotta ate eu ne pai	Neutro								
"8050,""Ningu√©m se apega, s√≥ se pega"	Bom								
"Todo mundo louco"""	Neutro								
17153,caralho eu amo mto o bronn mas eu tbm amo muito o drogon... deve ser assim o sentimento de estar apaixonado por duas pessoas ao mesmo tempo	Bom								
9636,e o que eu quero mais √© ser rei	Bom								
5481,Agora vou dormir pq amanh√£ tem trampo	Bom								
458,Q frio	Ruim								
22969,Ouvindo britney spears mas devia estar dormindo sim	Bom								
"8740,""Se deu certo boa, se n√£o deu certo √≥timo, pr√≥xima,  pr√≥xima. üòäüòÜ"""	Bom								
10517,Esta com cheiro de eduardo batistinha. https://t.co/ZuBf0kCopt	Neutro								
20905,Gustavo vai me armar demais lek	Bom								
17281,Ver filme nesse frio com o Z√© man√© n√£o tem pre√ßo ‚ù§Ô∏è	Bom								
12364,@iloveputarias @barbiesemken @alanisdvn n√£o procede KKKKKKKKKKKKKKKKKKKKKK	Neutro								
"21189,""Se Deus fizer, ele √© Deus.. se n√£o fizer, ele √© Deus"""	Neutro								
"22315,""Cansada, to"""	Ruim								
10029,@5SOS I'm waiting for it since 2013 i can't believe IT'S FUCKING HAPPENING	Neutro								
13896,QUEM https://t.co/dZ5hwTVjkJ	Neutro								
"14369,""√© MUITO chato voc√™ estar sozinho com uma pessoa, e quando est√° com ela e outros amigos dela ela se transforma, finge que nem te conhece"""	Ruim								
17660,@naaribeiro7 Ou sabe √° puta que pariu ? Vai pra la	Ruim								
10034,@fifthsantana Tenho que ela tirou da m√°quina dela e mandou pra minha cunhada t√° sem editar vou mandar por dm aqui	Neutro								
10227,Aviso: N√£o estou assistindo #GoTS7	Neutro								
"4460,""Nos acertamos na letra a batida perfeita, a dama e o vagabundo"""	Bom								
797,alguem me da um tapa por favor	Neutro								
"1143,""Ontem foi t√£o bom, eu e o Igor, o Igor e eu, basta!!‚ù§Ô∏è"""	Bom								
"13485,""@ungaratto93 N√£o consegue, n√©"""	Neutro								
13516,Mano as mina t√° batendo record de ser assaltada .. de sexta pra c√° vi umas 10 postando q foi roubada	Ruim								
16528,#JornaldeDomingo |  Marchezan quer usar verbas dos BRTs para concluir obras da Copa @lucas_rivas @RdGuaibaOficial https://t.co/IiDkaK8jOX	Neutro								
"1069,""Assistir filme com a coroa , nada melhor"""	Bom								
22819,https://t.co/WvXMlTSeWX	Neutro								
7854,brienne e arya *mouthing* yas queens	Neutro								
"16176,""um dos melhores dias da minha vida. nunca estive t√£o certa da minha escolha, n√£o posso mais viver sem isso ‚ù§Ô∏è https://t.co/liVcRwciOJ"""	Bom								
22158,Mas vou tenta de todas formas n√£o sentir	Bom								
22716,@viniciusrlima parab√©ns! ‚ù§	Bom								
"22383,""bora arrumar as coisas ne, pq la vamos nos com o pontap√© """"final"""" desse treco estressante chamado faculdade"""	Bom								
11760,Se eu contar pra voc√™s que eu fui pra eazy com o body do avesso voc√™s acreditam? Kkkkkkkkkkk	Ruim								
"1040,""A demiss√£o‚Äã do Z√© Ricardo foi justa, mas n√£o √© o √∫nico culpado."	Neutro								
O principais s√£o o jogadores, n√£o est√£o rendendo.	Ruim								
"F‚Ä¶ https://t.co/hSAOoAsMKC"""	Neutro								
4585,√â dif√≠cil ser forte o tempo todo.	Ruim								
9929,don't harm my baby drogon	Neutro								
18107,T√¥ t√£o cansada de ser cobrada de uma coisa pra qual eu simplesmente n√£o tenho condi√ß√µes financeiras pra fazer	Ruim								
19626,To sentindo que essa tag vai subir VIVIAN RUMO TR√äS MILH√ïES	Bom								
"2806,""Vai tomar no cu, eu odeio frio. Quero Rio de Janeiro pelo amor de Deus"""	Ruim								
11050,esse ano foi uma decep√ß√£o atr√°s da outra	Ruim								
"13051,""Gente, s√©rio! Que fucking epis√≥dio foi esseeeeeeee!!!!!! #gots7 #GameOfThrones"""	Bom								
"12971,""se a limonada √© uma vida, fa√ßa um castelo"""	Neutro								
"22475,""Estava c sdd dela, ainda bem q verei ela quarta novamente"""	Bom								
4586,Kkkkkkkkkkkkkkkkkk cad√™ ? https://t.co/DRwGCuiWCx	Bom								
12993,A Arya √© uma diva ne? N consigo n amar essa querida. P mim ela tinha q ser a dona da porra td	Neutro								
17667,Eu realmente amo MUITO MUITO MUITO MUITO MUITO BTS	Bom								
13392,Bran sou eu tendo que lidar com os embustes do trabalho üòÇ	Neutro								
19737,spoilers na tl https://t.co/1T40JJnWyo	Neutro								
11661,KKKKKKKKKKKKKJJKKKKKKKKKKKKKKKKK NAO GUENTO	Bom								
2266,QUE SAUDADE BOA VENDO ESSAS FOTOS ‚ù§Ô∏è	Bom								
19620,Disgra√ßa do Gabriel me deixou com vontade kkkkk	Bom								
10954,daydreaming daydreaming all the time	Bom								
22033,@HelpF5H @dinahjane97 hey Dinah... Please bb üòçüíï	Neutro								
"5745,""@Fernandoreisaap j√° tem na net irm√£o, relaxa"""	Bom								
"12342,""Tive que perder pra aprender a dar valor pra voc√™, entender seu amor.. mas n√£o quer ser mais minha"""	Ruim								
"10671,""Se ela diz, quem sou eu para dizer o contr√°rio üòÇüòÇüòÇ https://t.co/goRkoOWlb3"""	Bom								
8438,@erikapl Jesus!!! Nessas horas a sensa√ß√£o de inutilidade diante da doen√ßa √© imensa.	Ruim								
14077,Fds conclu√≠do com sucesso ‚úî	Neutro								
10968,Uma Noite Incr√≠vel.. E inesquec√≠vel.. Obrigada meu anjo üòö‚ù§ https://t.co/HRQbTe4Te4	Bom								
9681,A C O N T E C E U	Neutro								
8850,Eu sou grossa mas odeio grosseria	Ruim								
2851,@spidrchoi kkkkkkkkkkkkkkkkkkkkkkkkkkkkkkkaaaaa mano namoral chataaaa	Bom								
12986,J√° https://t.co/W2Qj6aPuiF	Ruim								
2158,ESSA VIDA https://t.co/tNsKjecY0s	Neutro								
20719,Eu a sophia como sempre no nossos roles dando aquele famoso pulo pra ir	Bom								
16305,nao da nem pra ficar em paz no twitter agora q ce ja leva 500 spoilers na cara	Ruim								
2836,sdds carnaval sdds	Bom								
21518,@BastardS_oul merece desculpa	Neutro								
12080,Got nao daaa	Neutro								
6431,Vi meu ex hj e o core ficou abaladinho	Neutro								
"9456,""You're just everything to me! I'm very proud to be your fan @dinahjane97 Follow me and fulfill my dream, I beg you please. x185"""	Bom								
17411,@Iag0Silva Vc adora um churros n√© kkk	Bom								
"7623,""KKKKKKKK EU CONCORDO"	Bom								
"@mochiyoongie https://t.co/TVPaVwPmBp"""	Neutro								
"9261,""gente eu t√¥ berrando com esses dothraki gritando desse jeito "	Neutro								
"#GoTS7"""	Bom								
"8913,""@guedess_juliaa realmente, ainda falta p chegar em voc√™"""	Neutro								
6230,Kkkkkkkkkkkkkkk https://t.co/OwgJcM0NSw	Neutro								
9407,Espero que tenha reuni√£o essa semana e de prefer√™ncia sexta feira	Bom								
"16081,""Pouco barba que nos tem, nos ja fica monstr√£o"""	Bom								
14355,Melhor pa√≠s manas. https://t.co/mAg0qTV7cM	Neutro								
"8165,""amanha vou finalmente ver o desenho que vou fechar o bra√ßo e a m√£o, susu"""	Bom								
3192,@gbcorteletti HAHAHAHAHAHAHAH CHORA	Bom								
992,üë©üèª‚Äç‚öïÔ∏è total	Neutro								
4144,fico at√© impressionada	Bom								
14729,depress√£o eh doen√ßa e fica essas babaca achando bonito ter	Ruim								
"6636,""√Äs vezes me bate uma saudade t√£o grande do C√©sar, q parece q eu n√£o o vejo a meses ü§¶üèª‚Äç‚ôÄÔ∏è"""	Ruim								
4383,Eu ou√ßo a morte me chamar com um sorriso no rosto e o √°lcool na mente	Ruim								
1076,@Bruna_Flores automaticamente	Neutro								
6180,fiquei brincando com minha gatinha agora t√¥ morrendo de alergia	Bom								
19970,Bday do cunhado. Passei o dia na casa do Fernando	Neutro								
8902,percebo q amg de vdd √© so minha mae e mais uns 4 no max	Bom								
16038,N√£o mesmo https://t.co/yuBMcO9otX	Bom								
16704,Esse mano me stalkeaüòÇ‚ù§	Ruim								
5825,uma mulher dessa bicho https://t.co/Dh7XIKkXDX	Neutro								
"12425,""minha m√£e √© muito exagerada, isso me irrita em um n√≠vel puta que pariu"""	Ruim								
8737,@5SOS berro aaaaaaaaaaaaaaaaaaaaaaaaaaaaaaaaaaaaaaaaaaaaaaaaaaa	Neutro								
"16985,""@babi E o ep ainda chama BLOOD OF THE DRAGON, t√¥ tremeno"""	Neutro								
9074,@LF_Soneka exatamente!!!! impot√™ncia √© a palavra exata	Bom								
10707,AAAAAAAA https://t.co/JXcbjiCTDK	Bom								
"3947,""Nossa, cara insens√≠vel da porra"""	Ruim								
3591,To feliz	Bom								
1269,@juuliacl bobaiona	Neutro								
"17451,""Nesta, na outra, no app de mensagens e na vida... https://t.co/lORyqn5FKv"""	Bom								
10534,se arrependimento matasse... kkkkkk	Bom								
7063,GOT chegou num ponto que morreu tanta gente que os favoritos t√£o at√© se conhecendo #GoTS7	Bom								
19466,meu pai salvou no lanche rssss	Bom								
12444,Agora podemos voltar a respirar... Que epis√≥dio foi esse meu Brasil #GameOfThrones	Neutro								
12873,ü§îüôÑüôÑüôÑüôÑüôÑüôÑüôÑ	Neutro								
"13732,""and the puppy eyes too, the boy is everything in the animal world https://t.co/x8SgA6RpSW"""	Neutro								
4191,Eu achei √© um absurdo @bieberespinosaz @felipeneto https://t.co/JnpMPbGeNi	Ruim								
4425,jorge vercilo √© um poeta	Neutro								
15374,Aiii que derrota	Ruim								
"4630,""Gustavo acabou de ir embora,e eu j√° estou com saudades üò¢"""	Ruim								
2155,Triste saber q amanh√£ j√° √© segunda outra vez	Ruim								
"15120,""@Alvaro_nogue @Desconhecidos √© q vc decide fazer """"greve"""" justo no dia q eu tava meio bad..."""	Neutro								
"7061,""@BTS_twt Ah, os outros tamb√©m est√£o muito bonitos"""	Bom								
10584,aaaaaa pelo q eu vi minhas fotos t√£o maravilhosas eu j√° quero fazer outro ensaio	Bom								
"16740,""MEU DEUS, E SE A FLECHA ESTIVER ENVENENADA #GameOfThrones"""	Neutro								
18400,Nop https://t.co/Y7mDhNgNni	Neutro								
"14113,""Daniel melhor irm√£o sempre,a√≠ amo"""	Bom								
989,n ta dando p ajudar ngn c a atual situa√ß√£o q eu to	Ruim								
23131,af que nojo quando eu vou sair dessa casa logo	Ruim								
"7601,""Mas deixe os nossos sentimentos se entregar nesse momento, antes de dizer adeus..."""	Bom								
303,tokinho e neymar üòç	Neutro								
14293,T√¥ morta	Ruim								
5038,https://t.co/Dv84ExZ0rc	Neutro								
"2797,""-Aninha a gente tem que pagar o doce primeiro"	Bom								
"-Pago nada *sai correndo com o chocolate na m√£o*"""	Ruim								
"5363,""You're just everything to me! I'm very proud to be your fan @dinahjane97 Follow me and fulfill my dream, I beg you please. x25"""	Bom								
9209,run jamie run	Ruim								
"12597,""Nossa, nunca gastei tanto dinheiro na minha vida ü§¶üèº‚Äç‚ôÇÔ∏è"""	Ruim								
15286,Onde √© o jet que eu t√¥ voando	Neutro								
"1886,""Te gosto tanto, te amo o mesmo tanto... ‚ù§üíè"""	Bom								
15132,S√≥ esperando outubro chegar para a melhor s√©rie retornar! #TWD	Bom								
"15144,""De um lado um personagem √©pico, um dos maiores de todos os tempos... "	Bom								
Do outro lado o Darth Vader.	Bom								
									
"#Vader‚Ä¶ https://t.co/tC0HRXWSm7"""	Neutro								
3262,achei um link que s√≥ trava https://t.co/6njvGTX3zm	Neutro								
"7684,""Eu tava literalmente suave, mas a√≠ a paula me estressou em segundos"""	Ruim								
684,Vai discutir comigo se eu quiser. At√© pq vc q veio passar recibo aqui sem ser chamada üòÇüòÇüòÇüòÇ https://t.co/1wMtfh3sr2	Ruim								
9729,@NaYdani Kkkkkkkkkkkkkkkkk	Bom								
2845,eu kkkkkkkk https://t.co/4J3ju0TQG9	Neutro								
23327,@paol3te A MENINA OU O MEU EX???	Neutro								
17230,impactada por esse amor 2.0 https://t.co/U844bCOySv	Bom								
18212,Tomorrow today https://t.co/X8XbC4yMTN	Neutro								
3260,@giubst in√∫til	Neutro								
19322,Tirei fotos hj	Neutro								
12482,Quero mt q amh a noite chegue ‚ù§	Bom								
"11047,""FILHA"	Ruim								
DA	Ruim								
"PUTAAAAAAA"""	Ruim								
"14889,""To com saudade de voc√™, v√™ se liga, quero te ver"""	Bom								
7361,@teamhtopsawards @lwtpolar parabens icone #htopsawards	Bom								
22368,Mais uma noite chorando por causa do passado...	Ruim								
"15859,""You're just everything to me! I'm very proud to be your fan @dinahjane97 Follow me and fulfill my dream, I beg you please.üôèüñ§ x257"""	Bom								
3238,Quando eu acho que vou achar uma academia bem em conta levo uma facada dessa no cora√ß√£o	Ruim								
16847,@ju_vieira15 https://t.co/q4AoZDE9f7	Neutro								
"1904,""""""Oi eu ka!"""""""	Neutro								
8084,Sinto que t√° rolando um clima... Rei do Norte e Rainha do Sul... devo ver muito dorama... shipando os dois baixinhos. #GoTS7	Bom								
"5623,""@karinasuetake u√©,a 3h atr√°s estava reclamando... qq aconteceu? n to entendendo hhahahahahaahha ü§îü§îü§îü§î"""	Neutro								
1129,Nem me lembraaaaa https://t.co/VXFmWUgQEY	Ruim								
2854,üòΩ https://t.co/hQSgRONPkD	Neutro								
"10857,""√© cada viadagem q eu vejo q mds,q vontade de vomitar"""	Ruim								
"3380,""@manudeputada @lucianagenro vcs q adoram o local ..quem se candidata p/ ajudar na cobertura."	Neutro								
"Manu.., leva sua filha https://t.co/ePuVIzZvd0"""	Ruim								
17826,Ficar naquele sol me deu uma dor de cabe√ßa lascada	Ruim								
20769,Thayna tem umas amizades q ela precisa me apresentar mano slc	Neutro								
2994,K K K K K K K K K K K. alo https://t.co/xlbudbkRzD	Bom								
4031,Viado o que que t√° acontecendo com Bran????? Quero arrega√ßar a cara desse muleque	Ruim								
10116,Demorei um ano pra entender pra quem era isso KKKKKKKK	Neutro								
13715,Sei falar haitiano e nem sabia bicho https://t.co/ni55RD8PRs	Bom								
19171,üëΩ- parece ser gente boaaa	Neutro								
14063,saudades da minha m√£e	Ruim								
3276,@vln_vera @G4B1S @Jesus__de__Pau @JanainaDoBrasil Qdo tiveres um filho(a) e injustamente a pol√≠cia entrar em sua re‚Ä¶ https://t.co/pwYTVCtEAW	Neutro								
2318,üòçüòç https://t.co/MtZnS8JPP0	Neutro								
11935,PUTA QUE PARIU AAAAAAA	Ruim								
17351,@NoronhaBruno7 SIM... inacredit√°vel mas sim	Neutro								
22451,P√¢nico fazendo eu matar a saudade um pouco	Neutro								
3104,gospel primeiramente nem √© de gente	Neutro								
14096,Jaime est√° cada dia mais parecido com Rodrigo Hilbert n√© https://t.co/8qJ4bFxmBI	Neutro								
"4030,""Amanh√£ tem Barcelona x Chapecoense "	Neutro								
									
"e eu aposto na vit√≥ria da Chape!"""	Neutro								
17024,tanta gente q eu queria q me chamasse de princesa e logo ele vem e me chama ü§¶üèª‚Äç‚ôÄÔ∏è	Ruim								
5037,vc acaba vendo as coisas com outros olhos p ex geral reclama do transporte p√∫blico aqui mas velho √© mto boooom melhor metr√¥ do mundo	Bom								
"21970,""Eu posso te bjar?"	Neutro								
									
"~Fe https://t.co/2VV347WZhq"""	Neutro								
8363,@_heyjunior_ a metade do casal q me ignora	Ruim								
"22660,""Jogos: 32"	Neutro								
Jogos como titular: 32	Neutro								
Jogos completos: 30	Neutro								
"Gols: 12 https://t.co/yUsSTETW3w"""	Neutro								
"17280,""@jacquelinedns falando mal de mim"	Ruim								
"Conhece a Larissa? Seloco..... aquela coluna dela KKKKKKKKKKK mais zoada que ela"""	Neutro								
"231,""Estou com medo desse n√≠vel que chegou... n√£o chegue a esse n√≠vel, por favor!!! üòí https://t.co/UBTPiQikV9"""	Neutro								
"20350,""Blz pessoal,s√≥ que n√£o consigo ser hip√≥crita ao ponto de chegar na porta da igreja vestir uma m√°scara,sair dela e tira-l√°!"""	Neutro								
16461,@Ela_Ama_Ela Eu sou bem cuzona...	Ruim								
"3318,""@prazervTo ta bom, voce me pegou.. eu tenho uma pontinha de saudade"""	Ruim								
7751,PODEM BATER PALMAS PRAS MELHORES PERSONAGENS DE GAME OF THRONES	Bom								
8240,mas queria tanto usar essa header	Neutro								
15619,Saudade d√≥i	Ruim								
"3245,""primeiro que deram uma storyline pro parrish"	Neutro								
segundo que o pouco tempo de s√©rie q a lydia tem misturam com o parrish	Neutro								
"deus o q q eu te fiz"""	Neutro								
18166,üåπ https://t.co/amNBGw02Eh üåπ	Neutro								
20099,Me sinto iludida obg dnd vida	Neutro								
15762,P√©s? N√£o sei se ainda tenho	Neutro								
9754,YAAAAAAAS WERRRRKKKKK	Neutro								
12315,Esse √© meu amigo atacando com verdades https://t.co/lNcMHFey6w	Bom								
1336,Twitter ta amorzinho de novo &lt	Bom								
"15881,""ele me lembra muito o bambam, ainda mais com o cabelo prata/branco aaaaa https://t.co/fMzsc8HtMR"""	Bom								
"17491,""sintonia com algu√©m √© uma coisa incr√≠vel, passe o tempo que for quando volta √© como se nunca tivesse sa√≠do üíú"""	Bom								
22342,Propaganda chata da Tele Sena com essa atriz da globo q namora o Thiaguinho que canta pagode	Ruim								
3247,Jaime pessoa mais in√∫til #GameOfThrones	Ruim								
21367,√â mesmo https://t.co/Hd4YojndkK	Ruim								
12903,amei a Mylena e a Bia Nunes	Bom								
12047,Meu que ep foda	Bom								
7844,@5SOS Num me arrasa caralho	Ruim								
21724,N√£o existe coisa mas GOXXXTOSA Elderly and baby ‚ù§ https://t.co/FeOIrUaQAq	Bom								
20242,#Rodrigo e #MiltonMendes conseguiram fazer mais feio do que #Vasco e #PontePreta durante os 90 minutos.	Ruim								
14611,Me realizing that @TomHolland1996 doesn't do a live stream since years ‚òπÔ∏è https://t.co/18vo7dKUOO	Ruim								
"15115,""You're just everything to me! I'm very proud to be your fan @dinahjane97 Follow me and fulfill my dream, I beg you please. x225"""	Bom								
4208,ARYAAAAAAAAA	Neutro								
21717,n√£o sei voc√™s mas eu fico incomodado deixando mensagens acumuladas no whats	Ruim								
"20772,""Amo fazer neg√≥cios com a Fab√≠ola, eu consigo as coisas pra ela e ela me retribui daora"""	Bom								
"19173,""Horr√≠vel estar em grupo de GTA hetero no wpp, sou zoado de 2 em 2 semanas AAAA"""	Ruim								
859,Mas dram√°tica que a Ellen n√£o tem	Ruim								
6555,MT bom n√£o sentir mais nada por quem j√° t fez mt mal	Bom								
13306,nada melhor q a paci√™ncia para te mostrar que algumas coisas n√£o mudam com o tempo https://t.co/qOb2DphmD5	Bom								
"8471,""vou falar q est√° doendo muito, t√° machucando.. eu fui atras, fui atras por amor, mas j√° chega, eu n aguento mais !!!!!!"""	Ruim								
14974,Eu sou mt cheirosa mdssss	Bom								
15404,@mairaladeia mad king would be proud	Neutro								
15779,1o youtuber de maca√© a bater 1M ??	Neutro								
21544,sofri que s√≥ a porra agora pra depilar minha axila com cera vsf	Ruim								
"14826,""Sobre a pessoa marca de me ver e n ir, ja me acostumei....  Kkk"""	Ruim								
13968,eu fico triste pq eu gosto da rela√ß√£o do tyrion com o jaime mas porra jaime vc so fode seu bosta	Ruim								
20871,@clara_116 to bolad√£o	Ruim								
5769,MISSANDEI COM CARA DE DEBOCHE KKKKKK adorei #GotS7 #GameOfThrones	Bom								
22892,Eu tb https://t.co/vuVrlfyUKv	Ruim								
"19432,""Querido,pra mim ser legal com vc vc tbm tem q ser legal cmg, se n√£o nada feito"""	Neutro								
21052,tem amizades que nao tem gente mesmo que tu tente nao volta a ser que nem antes	Ruim								
12372,q √≥dio	Neutro								
3152,Com certeza a melhor pessoa da vida ‚ù§	Bom								
22766,bicho eu s√≥ queria algu√©m pra usar metadinha muke cmg	Ruim								
20232,essas fitas acabam comigo puta merda	Ruim								
"3156,""sem exagero, vc sabe qual calor eu prefiro"""	Neutro								
"22152,""Acho que eu t√¥ contando os dias pro show do 5SOS em sp errado , pq acabei de ver algu√©m contando 39 dias , eu contei 37"""	Neutro								
"9577,""You're just everything to me! I'm very proud to be your fan @dinahjane97 Follow me and fulfill my dream, I beg you please. x190"""	Bom								
16971,Fuizzzz	Neutro								
5283,ai socorro https://t.co/xIWcv3DvXz	Neutro								
"12622,""Nem conhe√ßo esse Roberto mas j√° considero ele pakas, melhor Roberto do que Marcel n√£o √© msm?"""	Bom								
12980,@kaizque @lucasfiguere_ @Ebrodare Foi l√° e PA üí•	Neutro								
1518,as pessoas so me passam raiva pqp	Ruim								
12411,VAI TOMAR NO CU	Ruim								
3396,@ifavoritekordei este argumento q elas s√£o only uk √© t√£o saturado bicho	Ruim								
"10340,""@lik3asunburn nossa eu queria, dedicar umas m√∫sica p pessoa, ficar de gra√ßa, SDDS"""	Bom								
12686,@_givitoria @joysmattos @carolinanunex Vamooooos	Bom								
11499,@CasottiMateus √© foi mal a vergonha ai com sua dama por minha culpa kkkk	Ruim								
17226,BURN THEM ALL	Ruim								
3110,Meu pai acabou de me ligar por causa das minhas respostas do Sarahah que eu t√¥' postando no Facebook.	Neutro								
2448,O novo t√©cnico do Flamengo √© o Senhor Waldemar.	Neutro								
20410,@bruspfcb Boa noite!	Bom								
21877,T√° doendo sim üíî	Ruim								
14742,Assume tuas cagada e n√£o joga pra mim	Ruim								
7629,Nx v√™ todo mundo e ningu√©m v√™ nx üëÄ	Neutro								
10783,SE EU FOSSE O DRAG√ÉO EU SAIRIA MIJANDO FOGO EM GERAL	Neutro								
20344,e tbm volto para a dieta e academia	Bom								
"8659,""You're just everything to me! I'm very proud to be your fan @dinahjane97 Follow me and fulfill my dream, I beg you please. x151"""	Bom								
3495,qe essa ben√ß√£o caia em mim am√©m https://t.co/jtsQNUhfGN	Bom								
"15903,""me sinto t√£o mais leve, qndo todas as palavras que saem da mh boca traduzem exatamente o que sinto/penso,"""	Bom								
20001,medo de spoiler	Ruim								
8448,N√£o entendo como uma pessoa atropela alguem e simplesmente foge... tiraram foto da placa do carro e deram a pol√≠cia...	Ruim								
"11074,""Seja para mim o que voc√™ quiser, contato que seja o meu amor , sorrindo indo te buscar, mas eu t√¥ a p√© üé∂"""	Neutro								
13483,n√£o t√¥ preparada pra enfrentar a realidade e rotina dessa semana	Ruim								
5353,A√≠ sai de perto de mim	Ruim								
14659,gold jewelry shining so bright	Neutro								
3239,#IveteAvontade estamos em 4 hahahhaha https://t.co/flS9xIrEP0	Bom								
9089,Ae senhor me de paci√™ncia	Ruim								
7584,nada dms	Neutro								
21429,Eu tenho o melhor amigo do mundo ‚ù§Ô∏è	Bom								
9514,espero amanh√£ acordar bem calminha rss	Bom								
19092,O segredo da felicidade √© ser feliz em segredo.	Bom								
22497,Essas musicas da anahi acaba cmg	Ruim								
7882,A conex√£o com as meninas √© t√£o forte que se uma tomar 1tiro n duvido q as outras sintam	Ruim								
10180,VIAAAADO EU TO GRITANDO COM ESSE EPISODIOOO	Neutro								
14623,ainda n fui nem um dia p facul e quando planejo ir meus amigos querem me arrastar p tagu√°	Ruim								
"9148,""Se acabou um relacionamento deixa a mina seguir a vida dela, dica do dia"""	Bom								
"19344,""Psst. Yeah, you. Searching for a song to add that much-needed perspective to the week just ended, so you can try and make sense of it all?"""	Neutro								
"14406,""Papai do c√©u, apenas obrigada !!!!!!"""	Bom								
"10248,""Amor sincero puro e verdadeiro, aquele amor que eu quero o tempo inteiro.."""	Neutro								
19437,eu gosto tanto de grey's mas √© s√≥ desgra√ßa na s√©rie	Ruim								
21144,Como pode um ser t√£o tosco e fofo como o Sherlock?	Neutro								
12354,KKKKKKKKKKKK  #askbelieber https://t.co/5MwCjiwNiT	Bom								
"8555,""Minha cabe√ßa t√° s√≥ """"Do it do it do it do it do it do it"""" Walk On Memories hino assim como todas as outras de The War"""	Neutro								
81,se minha m√£e fosse legal eu logo ia fazer uma social aqui em casa	Ruim								
4161,DEIXA ELA ENTRAR SEUS BANDO DE CUZAO	Ruim								
727,Vai pensando que √© s√≥ o PSG que t√° contratando... üòÇüòÇ https://t.co/JByLTSDOnQ	Bom								
20281,TA CHHATOOOOOOOOOLOOO	Ruim								
22622,@runalinerun aaaa &lt	Neutro								
10360,OLHA O SPOILER FILH DA PUTA	Ruim								
11834,Eis o melhor epis√≥dio do got	Bom								
11811,@nsfMatios espero que eles ganhem mais notoriedade para descolarem uma grana e n√£o terem que parar a banda	Bom								
1949,Desde sexta sem assistir grey's üò¢	Ruim								
23230,tocou no r√°dio e ele amou.	Bom								
"1147,""hip hop in the summer, don't be a bummer babe, be my undercover lover baby"""	Neutro								
"12935,""Preocupad√≠ssimo com o cr√©dito banc√°rio da Cersei depois desse epis√≥dio. Uma sugest√£o, minha rainha: @Crefisa."""	Neutro								
10497,eu tambemmm üò≠üò≠ https://t.co/uwcHwyNc5b	Bom								
"22148,""""""Eu morei no Canad√° j√°!e em Los Angeles !estudei interpreta√ß√£o em Los Angeles !"""" l√™ a nossa conversa de novo, pq eu juro q √± te perguntei nd"""	Neutro								
"20915,""@gabrield93 @mundodeandy @jnflesch Lollapalooza todo ano e rendendo boa audi√™ncia, amea√ßando um line up forte ainda‚Ä¶ https://t.co/Ib7piHW61B"""	Bom								
8832,O Theon n√£o tem moral nenhuma com ningu√©m mano	Ruim								
12860,@RabaDeOuro manda umas agora com fogo na Raba	Neutro								
11450,Eu nunca vou conseguir resolver se amo ou odeio ser leonina	Neutro								
14789,Ta chegandook https://t.co/ECLrsPR1Pt	Bom								
3506,Quero deitar mas tenho Q esperar minha unha secar	Ruim								
8203,Meus beb√™s https://t.co/dO7olqagF3	Bom								
382,E ESSA ENCARADA DO SCOTT NA MALIA AAAAAA T√Å CHEGANDO MEU SHIP AMORES  #teenwolf	Bom								
"5948,""@silviaama38 @_anaclaralm @giubst Eu tentei, mas o Gil n√£o se prestava p nada ksodkofddko"""	Neutro								
"7190,""bem que minha fam√≠lia podia ser menos lgbtf√≥bica, n√©"""	Ruim								
21713,Eu achei que n√£o dava pro Toby ficar mais bonito. A√≠ ele me aparece de barba. SENHOR	Bom								
"19103,""arroz: do canto, de baixo pra cima."""	Neutro								
14205,Tem algo mais purificante do que dormir ao som desse mestre da m√∫sica?!	Bom								
"7430,""hahahahaha. Estao pedindo o Felipe  melo, mal sabem que ele vai ser banco do M√°rcio Ara√∫jo. https://t.co/Qb4VKwfpR8"""	Ruim								
1372,Coisas que somos obrigadas a ler por apenas enxergar üòÇüëå https://t.co/aIiiW0xlIq	Neutro								
17174,Miseravi https://t.co/kr426VR8qu	Neutro								
13328,Agora vamos as pr√≥ximas 500 teorias que aparecer√£o at√© domingo que vem.	Neutro								
"10162,""Apenas porque umas 4 pessoas da √°rea se especializaram em fotografia e fazem um extra com isso. "	Neutro								
									
"Sei l√°, √© uma op√ß√£o, mas..."""	Neutro								
"11421,""N√ÉO TO COM ESSA DISPONIBILIDADE"	Ruim								
									
"cheio de coisa pra fazer amanh√£"""	Ruim								
876,@schmidtbi mas nossa vc faz isso com meu cora√ß√£ozinho? que pecado	Ruim								
12499,S√≥ tenho um coment√°rio a fazer depois desse epis√≥dio Foda de Game Of Thrones: DRACARYS #GOTS07E04 #EpisodioFoda https://t.co/UKb1UIlvEH	Bom								
23303,Nen√©m fico bravo ownnnn https://t.co/wgFt9dQXqB	Ruim								
6342,fala CD	Neutro								
18351,rindo de desespero talvez https://t.co/7Q0SXfv6A0	Ruim								
"3906,""chaos is a leader"	Neutro								
"MINHA FRASE SOCORRO"""	Ruim								
21074,Fico impressionado como as pessoas tratam beleza com crit√©rio para inferioridade	Ruim								
"176,""eu achei uma paginas """"santos anti-facistas"""" n√£o creioo aa melhor pagina ahahah to rindo"""	Neutro								
606,I love u more my babe ‚ù§ https://t.co/5S6UPmjhE4	Neutro								
"15878,""@limatss @XadrezVerbal 5- sobre Nova Hist√≥ria Cr√≠tica"	Neutro								
"desde 2007 (governo Lula) o MEC n√£o recomenda esse livro q fo‚Ä¶ https://t.co/axoQNGaoxV"""	Neutro								
3963,era pra mim ter assistido descendentes 2 mais eu dormi demais	Ruim								
3315,kkk https://t.co/z1fpl54rFK	Bom								
"3738,""antes de dormir vou ouvir sorriso maroto e sertanejo e n√£o, n√£o t√¥ apaixonada"""	Bom								
5669,Vo f1 q eu ganho mais	Neutro								
"6405,""Recive all our love and support, now and forever!"	Bom								
"#LPoneFamily #LPfamily #WeareLinkinPark #wearetogether‚Ä¶ https://t.co/X6yDs0IXCK"""	Neutro								
1015,@diablereine cheguei √† conclus√£o de q voc√™ sabe mais sobre o q ta acontecendo na minha vida q qualquer outra pessoa ent√£o sinta-se especial	Bom								
6534,O c√©u explica tudo	Neutro								
11171,No aguardo de video da Camilla e J√©ssica juntas üëç	Bom								
14871,@isaxlopes caralho @bitencourt39 eu nao acredito q tu twittou isso	Ruim								
"1340,""@cinepop @GoodTimeMov estreia no Brasil dia 19 de outubro de 2017,a data foi confirmada pela @ParisFilmes"""	Bom								
7926,Pra te ouvir reclamar das coisas simples que voc√™ sempre transforma num problema...	Ruim								
21906,Gostei do meu final de semana ‚ù§Ô∏è	Bom								
200,harry https://t.co/84LixStJzR	Neutro								
2838,Eu sei que voc√™ quer isso tanto quanto eu quero	Bom								
20735,Eu na cozinha https://t.co/TA1sur4kQZ	Ruim								
2299,que saudade do cursinho!!!!!! ‚ù§Ô∏è	Ruim								
8296,U QUEEEEEEEEEE	Neutro								
5539,aquele momento que vc sente um ci√∫mes filho da puta sem poder e fica se corroendo por dentro	Ruim								
"19547,""ativando o despertador, que morte"""	Ruim								
"2916,""Eu queria ter a paci√™ncia a serenidade q os japoneses tem, √© incr√≠vel!"""	Ruim								
16432,amanh√£ s√≥ as verdadeiras na porta do amaral	Neutro								
11427,O QUE QUE TA ACONTECENDOOOOOOOOOOOOLOOOOOKKKDFKNDJAKFK	Neutro								
57,Esse Rodrigo √© a maior merda que j√° existiu no futebol	Ruim								
"22450,""minha caneca da alice eh xuxuxinha demais, tomar chazinho fica ate mais top"""	Bom								
"12776,""Que debaixo desse c√©u. Tudo tem sentido, tem raz√£o e tem porqu√™"""	Neutro								
10780,t√¥ na minha madrinha	Neutro								
8739,@_rafaelbosco kkkkkkkkkkkkkk bosco casado kkkkkkkkkkkkkkkk	Bom								
54,https://t.co/FqrfMHuKBR	Neutro								
19559,o @ n√£o me quer mais	Neutro								
"12747,""Resultados, not√≠cias, classifica√ß√µes: tudo sobre o fim de semana do futebol americano nacional üí™üèæüáßüá∑üèà‚Ä¶ https://t.co/mkEmo9RZRH"""	Bom								
"16295,""As gatinha gritando acelera, os pol√≠cia gritando derruba"""	Neutro								
"10168,""Do nada vem uma pessoa do meu passado na minha cabe√ßa e eu fico..... t√°, e a√≠? Fa√ßo oq? Jesussssssss"""	Neutro								
4823,@LariSrVerissimo ainda bem que tu sentiu a indireta	Bom								
13642,progredindo	Bom								
"10766,""DROGO √ë PODE MORRER"	Neutro								
"#got #gameofthrones"""	Bom								
23281,volta 8/7 https://t.co/CfGhQqoOg4	Ruim								
22898,Me bja https://t.co/Si4lh6WgrU	Neutro								
1597,Domingo foi sem estresse	Bom								
15021,Que segunda traga um trago	Bom								
"12735,""Me dedicar s√≥ √° dan√ßa.. √© isso. J√° pensei,repensei,tripensei e vamo q vamo"""	Bom								
3823,Z√© Ricardo caiu primeiro https://t.co/7vXrCb5bQb	Neutro								
"10131,""Agora eu sei o motivo do Neymar ir para o PSG, safadenho https://t.co/7VTIxe3SAB"""	Bom								
9392,Se for pra ter guerra ent√£o que seja de amor üé∂üé∂	Bom								
6859,Adored this is drawing because she demonstrad as my love babe is than pure spirit  and wonderful  that I love so mu‚Ä¶ https://t.co/1rCqaen23C	Neutro								
"10193,""ACHO QUE ELE PERCEBEU, PORQUE TEM UM BOTON DO HOSEOK NA MINHA BOLSA E ELE FICOU OLHANDO HSJSGSJSHSUSNSHSHSBSJSH"""	Neutro								
10691,Tadinho do cavalo #GoT7	Ruim								
"19099,""""""loooobinho"""""""	Neutro								
17511,spent the day with the boy	Neutro								
2590,Me mandaram um v√≠deo que eu to sentada no ch√£o rindo tanto	Bom								
18406,@crisciasantos2 Kkkkkkkk ih ala agr vc virou ju√≠za	Neutro								
5073,@DeisySouza0 hahahah ‚ù§	Neutro								
12435,Deus voc√™ √©s maravilhoso comigo! ‚ù§üôèüèΩ	Bom								
7914,Como pode essa Colbie Caillat ser t√£o linda de maravilhosa ? Mds üíò	Bom								
7944,Fico puta c essas coisas mas suave cuzao	Ruim								
"1943,""@danjesus_ escola? se sim, essa √© uma das piores fases"""	Neutro								
7884,@gabidosanduaba @cavalierebela vou falar eu tb s√≥ p participar	Neutro								
1222,@Flavitati2017 Tem umas maravilhosas..rs	Bom								
"22032,""Podem anotar em seus cadernos. O novo t√©cnico vai manter o M√°rcio Ara√∫jo como titular! "	Neutro								
@Flamengo 	Neutro								
"@iFlamengoNews"""	Neutro								
13628,!!!!!!!!!!!!!!!!!!!!!!!!	Neutro								
888,acabei de lavar o cabelo	Neutro								
23263,Foufa	Neutro								
8514,Eu t√¥ achando que a Missandei √© uma traitor...	Neutro								
17718,Pintinho submarino https://t.co/MBC9Cxkp8h	Neutro								
"19805,""N√£o vem quarta, n√£o vem quinta"""	Neutro								
1435,@_Melegante KKKKKKKK	Bom								
1051,comi tanto hj q quase sai rolando do restaurante	Ruim								
22106,Mano vou ter um neg√≥cio qualquer dia desses	Neutro								
2749,vamo dracarys #GameofThrones https://t.co/CtiH8vqNM1	Neutro								
"15676,""@AnaVilarino1 @Lelecoutz No Mercosul com Brasil e Argentina, melhor estar fora."""	Ruim								
21291,Queria ser Bella Thorne https://t.co/DRaU1GY7Xx	Ruim								
"6706,""@lucasgremiofbpa @shadym_m @aleezinhosccp @LucasFa34714633 @chicogarciaa Gremio n√£o vai ganha nada, Novo Hamburgo bateu em voc√™s"""	Ruim								
16655,quero acordar amanha sabendo q terei minha propria mesa no trabalho caso contrario nem qro acordar	Neutro								
"11185,""Tuitei e sa√≠ correndo: pelo bem da s√©rie, um drag√£o tem que morrer. #GameOfThrones"""	Neutro								
"16093,""TWICE, COM CERTEZA A A A https://t.co/vxVGJrNJwz"""	Bom								
15827,Saudades de ver ela na escola üò≠üò≠	Neutro								
18726,Aff sou apx	Ruim								
18176,Eu j√° tinha visto o epis√≥dio mas mano. #DominGOT sendo DominGOT #GameOfThrones #Dracarys	Neutro								
8079,queria ter dinheiro igual tenho paranoias	Neutro								
"10729,""Dilema da minha vida: odeio o Jaime, amo o Jaime, odeio o Jaime #GoTS7"""	Neutro								
11825,Agr fica postando q a outra pessoa n presta e ilude √© uma cuzisse pq a outra pessoa n tem culpa se vc acha q todo mundo tem q gosta d vc	Ruim								
"17297,""@RissattoBeatriz pq vc me trata assim "	Neutro								
"af"""	Ruim								
8496,Eu vou dormindo	Neutro								
11155,cubucetapintooo https://t.co/Rh6577qZix	Neutro								
11936,Sem mais bjus de luz #IveteAvontade https://t.co/17fhA9qCtV	Bom								
12177,They are not alone‚ù§#LinkinLove #LPoneFamily #WeAreTogether #LPfamily #AreWithYou @linkinpark @mikeshinoda‚Ä¶ https://t.co/lJylgCf72g	Neutro								
1951,https://t.co/KUR4XKDsIV	Neutro								
13745,QUASE TIVE UM TRECO https://t.co/pOgqfwhKUY	Ruim								
6618,esses audio corto meu cora√ß√£o	Neutro								
6795,@fifthsantana Quando as fotos ficarem prontas te mostro	Neutro								
4528,aaaaaaaaaaaaaaaaaaa	Neutro								
"20835,""Ai algu√©m pergunta o que aconteceu e a pessoa responde """"te falo no whats"""" PRA Q POSTA NO FACE ENT√ÉO SATAN√ÅS"""	Ruim								
18836,O Lucas e foda	Bom								
22250,t√¥ com fome mas a pregui√ßa de levantar t√° grandeee	Ruim								
4270,@alvesssbru @lineemerich_ Quem divide multiplica amigasss	Neutro								
18654,#CamerasEscondidas Ivo assustando o povo com uma cobra de pl√°stico... üòÇüòÇüòÇüòÇüòÇüòÇüòÇ #HAHAHAHA @PgmSilvioSantos #ProgramaSilvioSantos @SBTonline.	Bom								
"1928,""vcs tem q entender q n√£o da pra levar NADA do q eu falo nesse site a s√©rio pq ou eu to sendo sarc√°stica"	Ruim								
									
"ou eu to sendo sarc√°stica"""	Neutro								
"22377,""Eu sou uma pessoa mto boa de se ter por perto, assumo"""	Bom								
767,To passando mal slc	Ruim								
17528,emesm e	Neutro								
"3008,""Carlos Junior: """"Os sites s√£o importantes, mas √© aqui que o neg√≥cio acontece"""". Resposta ao Toninho?"""	Neutro								
"15582,""You're just everything to me! I'm very proud to be your fan @dinahjane97 Follow me and fulfill my dream, I beg you please.üôèüñ§ x246"""	Bom								
"6535,""Esse bon√© da oakley √© uma delicia, melhor que o da quilk, acho que vou comprar outra"""	Bom								
13764,Essa temporada de #GOT7 t√° foda todos epis√≥dios muito bons	Bom								
11904,Pior que t√° n√£o fica. O proximo tecnico s√≥ precisa manter o 5¬∫ lugar no Brasileiro e ganhar a Copa do Brasil e Sulamericana. Molezinha.	Neutro								
5649,agora eu posso comentar que o abra√ßo entre Arya e bran foi bem melhor do que sansa e bran pq eles est√£o destruindo meu bb?	Neutro								
"4117,""Se t√° ‚úåÔ∏è t√° calmo, se t√° calmo t√° lindo kkkkkkk"""	Bom								
5892,MEU DEUSSSSSS O VIDRO DE DRAG√ÉO	Neutro								
8209,queria fazer uma festa e reunir todos meus amigos	Bom								
3122,O reinado de Cersei calmo e tranquilo ???  What??  #GoT #GameOfThrones	Neutro								
"14840,""Gente, eu fui a √∫nica que n√£o curti muito o filme A Bela e a Fera? Prefiro mil vezes o desenho"	Ruim								
" Me julguem..."""	Neutro								
"3832,""vivendo nesse mundo louco, s√≥ quero me entregar um pouco e permitir sentir"""	Neutro								
18927,HAHAHAHAHAHAHAHHAHAH ningu√©m mede o quanto isso fez sentido https://t.co/UyS7EwTXwe	Neutro								
10792,vou ate dormir depois dessa	Bom								
"20152,""@JuliaLima97 @Brangtanzil @Hangulptbr @ArmyDiario @BangtanMozao @LoveYouJoonie vc pode achar abrigo com armys, eu a‚Ä¶ https://t.co/8lBu8rXEjd"""	Neutro								
135,i love jaejin	Bom								
"16903,""""""quem eh seu crush?"""" o crush perguntou"""	Neutro								
"11504,""You're just everything to me! I'm very proud to be your fan @dinahjane97 Follow me and fulfill my dream, I beg you please. x212"""	Bom								
7529,Meu primo contando as historias da Indon√©sia p mim j√° vou guardando dinheiro pra ir um dia	Neutro								
4986,EU https://t.co/yoP8M3Ganx	Neutro								
"18596,""Quando o sol amanhece mais brilhante , a brisa do vento sopra suave, o verde das matas fica mais vi√ßoso, quando tudo isso acontece na manh√£"""	Bom								
"2400,""Fa√ßa um favor, pare de for√ßar desapego ou indiferen√ßa... tu √© um bosta desesperado por aten√ß√£o e fica se fazendo de sonso."""	Ruim								
8642,Meu cora√ß√£o t√° doendo tanto	Ruim								
11947,@VtrXavier Sempre soube disso	Neutro								
7411,@juuhprata n abusarei	Bom								
"9777,""de dan√ßar eu entendo, o parceiro √© 10, a gente se entende no olhar e nos p√©s"""	Bom								
22740,@belamaciell eu tbm u√©	Neutro								
5078,Ivete podia viver dos hits dela sem ter que lan√ßar novas m√∫sicas. Ainda assim seria dona do Brasil!	Bom								
13746,tome vergonha	Ruim								
4519,https://t.co/cP8QhROLRA	Neutro								
9211,@Chandra1Vinod @pantroymunra @7b7f43e61443497 @pabupabupbgv1 @aboalfog @mnoori2004 @YNHallak @SuFernandes68‚Ä¶ https://t.co/lf2ZYxNaC0	Bom								
10316,O DROGON TA GIGANTE MEU DEUS #GoTS7	Bom								
22119,For√ßas Marcos Magario! Deus no controle sempre üëäüôá	Neutro								
"14346,""N√£o sei o que t√° acontecendo comigo, t√¥ gostando de ir pra escola kkkkkkkk"""	Bom								
5404,eu todo santo dia https://t.co/3kUWJBSbYA	Neutro								
"5845,""@showdavida mat√©ria da doa√ß√£o de √≥rg√£o foi Fant√°stica ... edi√ß√£o, roteiro, a gratid√£o a ideia toda em geral √© Pr√™mio vcs v√£o ver !"""	Bom								
20875,S I M https://t.co/agTfawz9Ma	Neutro								
19788,Queria vc aqui cmg...	Ruim								
"13929,""No fundo eu torci pro Jaime morrer, mas fiquei aliviado quando ele foi salvo (?)"""	Neutro								
3431,Meu Deus https://t.co/oBbD4g21B3	Ruim								
6727,N√£o t√¥ preparada pra levar uma mochila pesada amanh√£ cedo	Ruim								
5827,@Eric_Alvesss Um s√°bio disse uma vez q ''90% da humanidade tem o n√≠vel de consci√™ncia atrofiada.'' Um pa√≠s onde ban‚Ä¶ https://t.co/QhHDW9Gzgk	Ruim								
18644,Mandem n√∫meros	Neutro								
"16678,""@larivlopes Ainda tbm! Hahahah e to com raiva q o ep acaba do nadaaa, na tava preparado pra isso hahaha"""	Ruim								
4291,parei de aturar muita coisa que eu aturava antes	Bom								
6409,√â t√£o bom estar com pessoas que fazem quest√£o da sua felicidade!!	Bom								
"22184,""Gosto de gente que me responde r√°pido, na lata, esse neg√≥cio de demorar s√≥ me estressa."""	Ruim								
23086,eu AMO ser EU	Bom								
17437,Em embasado ent√£o conselho de irm√£o	Bom								
"7263,""kkkkkkkkkk pedem pra pegar pesado, eu pego pesado, e dps vem falar q √© falta de respeito tnc"""	Ruim								
10958,Kkkkk https://t.co/25RRcHsmEo	Neutro								
"19610,""ctz q eu joguei chiclete na cruz,√¥ dedidi podre"""	Neutro								
10118,Vou ir dormir. Se ficar por aqui vou ter muitos spoiler de got	Bom								
"17352,""Mas √© n√©, tava tudo dando certo d+ e oq √© bom dura pouco"""	Ruim								
3846,Bran com as ferraduras em dia. #domingot #GoT #GameOfThrones	Bom								
12689,Um dos melhores eps #gots7	Bom								
630,Nada de fome.. https://t.co/733RCYwtmA	Neutro								
333,plmdds https://t.co/EmYsMS3AJl	Neutro								
"12715,""Insiste em 0 a 0, e eu quero 1 a 1"""	Neutro								
20613,@_arthurvital @netto_lolo ui q medo de vcs	Neutro								
7693,#GameofThrones #HBO 7x03 https://t.co/AzaHfPn88l	Neutro								
15737,ave	Ruim								
14517,@JuliaLima97 @Hangulptbr @ArmyDiario @BangtanMozao @LoveYouJoonie @Brangtanzil Haaa sei... eu j√° gostava de Kpop qu‚Ä¶ https://t.co/IV0LUhynES	Bom								
8849,t√° demorando tanto	Ruim								
16687,@LviaMartins18 Bom descanso!	Bom								
4407,a laryssa n√£o sabe como olhar pra ele  kkkkkkkkkkkk	Neutro								
10779,!!!! https://t.co/8LVStmldKQ	Bom								
18877,@igoormm EU N√ÉO QUERO FAZER MEUS FILHOS PASSAREM POR ESSE NERVOSO N√ÉO EU TO SEM VOZ	Ruim								
"11961,""MEU"	Neutro								
"DEUS"""	Neutro								
14963,Kkkkkkkkkkk https://t.co/N7CfK5ates	Neutro								
4646,@bo_cross Valeu pelo apoio &lt	Bom								
7197,ESTAMOS ESPERANDO A NOSSA CLASSE POLITICA https://t.co/jjLuUVVONz	Neutro								
"9500,""You're just everything to me! I'm very proud to be your fan @dinahjane97 Follow me and fulfill my dream, I beg you please. x187"""	Bom								
"17228,""@fridel_ralda @mundodeportivo Ent√£o, e voc√™ est√° preocupado?"""	Neutro								
18748,por que eu ainda me importo?	Neutro								
12870,Agora t√¥ vendo a Tia Socorro que mal come√ßou e j√° t√¥ morrendo de chorar @caldeiraodohuck #globoplay	Neutro								
7512,I like so much both Nutella and my love babe blue eyes Avril Lavigne üòçüòç‚ù§Ô∏è‚ù§Ô∏è https://t.co/tipf08OgxN	Neutro								
17373,@marcosmion Ai Mion o Rog√©rio Morgado t√° te imitando no P√¢nico Na Band.	Neutro								
6181,@lopes_luu Qual vai ser o jet?	Neutro								
"17445,""Once in a lifetime, the suffering of fools"""	Neutro								
"4836,""Compre meu livro Pareidolia em https://t.co/LjoTlO0Mcz"	Bom								
									
#GameOfThrones 	Bom								
									
"S√≥ t√¥ aproveitando que a Tag √© famosa pra fazer propaganda"""	Bom								
"22335,""""""BLOOD OF THE DRAGON"""" VAI SER O NOME DO PR√ìXIMO EP"	Neutro								
"ATENTO NO FIRE AND BLOOD. https://t.co/v6bLMgwLb9"""	Neutro								
21487,Que EP foi esse de GOT ? SLK	Neutro								
"16237,""no shopping cidade S√£o Paulo minha tia quase caiu na escada rolante, mas n√£o kakakaka no Ibira tbem"""	Ruim								
3254,N√£o entendo porque a @CiaSabesp  corta minha √°gua a 4 anos sempre neste hor√°rio. #sabesp #ciasabesp #souburro	Ruim								
16744,@Ela_Ama_Ela Eu hetero? Kkkkkkkkkkkk nop	Neutro								
10223,@greicefarias_ eu nao	Neutro								
21080,Pizzona foi a boa hj	Bom								
8212,@maik_ramalho @NFL_Cantadas Deoxa o rod fora de pancada e ta tudo bem ok? Ok	Bom								
20929,Eu fico com tanta raiva qnd o Guilherme sai com a namorada dele e me deixa no v√°cuo AAAAAAAAAAAAA	Ruim								
5085,quem eles pensam que s√£o?	Ruim								
5095,Conversar ou n√£o com a pessoa sobre o qu√£o chateada voc√™ est√° com ela?	Ruim								
658,1973 o ano que eu nasci tamb√©m sabe oque isso significa ... ? que tenho a mesma idade vai Corinthians üòÇüòÇ‚öΩüáßüá∑ Parab√©ns #Fantastico @RedeGlobo	Neutro								
1500,Naaaaaaaao cara √© pior que isso	Ruim								
11464,Dracarys #GameOfThrones	Bom								
14042,@Brurondon_ Meu sonhoüíò	Neutro								
8830,Ultimamente s√≥ sinto sono o dia td üò¥	Ruim								
14812,Ngm p cvsa	Neutro								
11577,DISGRAAAAAA√áAAAAA #GameofThrones	Neutro								
"13116,""Meus dias sem preocupa√ß√£o acabaram, bora voltar a rotina üíîüò≠"""	Bom								
19038,√â tanta gente falando te amo sem amar... ü§¶üèΩ‚Äç‚ôÄÔ∏è	Ruim								
14380,apaguei todo meu album de fotos tiradas pela camera do meu samsung e nao consigo recuperar por nada	Ruim								
15864,#inarivoltapro@m	Neutro								
16119,@pabllovittar PLS	Neutro								
"5024,""A fam√≠lia de voc√™s sabem da vontade de serem doadores de √≥rg√£os? Espero que sim, se n√£o, avisem! #DoeOrgaos #DoeVidas"""	Neutro								
16509,To morrendo de fome e de sono mds üíî	Ruim								
"4368,""A felicidade √© uma palavra de dez letras, mas a minha resume-se em quatro: voc√™!"""	Bom								
14019,Acho que ja vou dormir	Bom								
2437,@sanyanaa @lelemills falei a mesma coisa	Neutro								
6238,inocente rsrsrs	Neutro								
									
									
									
									
									
									
									
									
									
									
									
									
									
									
									
									
									
									
									
									
									
									
									
									
									
									
									
									
									
									
									
									
									
									
									
									
									
									
									
									
									
									
									
									
									
									
									
									
									
									
									
									
									
									
									
									
									
									
									
									
									
									
									
									
									
									
									
									
									
									
									
									
									
									
									
									
									
									
									
									
									
									
									
									
									
									
									
									
									
									
									
									
									
									
									
									
									
									
									
									
									
									
									
									
									
									
									
									
									
									
									
									
									
									
									
									
									
									
									
									
									
									
									
									
									
									
									
									
									
									
									
									
									
									
									
									
									
									
									
									
									
									
									
									
									
									
									
									
									
									
									
									
									
									
									
									
									
									
									
									
									
									
									
									
									
									
									
									
									
									
									
									
									
									
									
									
									
									
									
									
									
									
									
									
									
									
									
									
									
									
									
									
									
									
									
									
									
									
									
									
									
									
									
									
									
									
									
									
									
									
									
									
									
									
									
									
									
									
									
									
									
									
									
									
									
									
									
									
									
									
									
									
									
									
									
									
									
									
									
									
									
									
									
									
									
									
									
									
									
									
									
									
									
									
									
									
									
									
									
									
									
									
									
									
									
									
									
									
									
									
									
									
									
									
									
									
									
									
									
									
									
									
									
									
									
									
									
									
									
									
									
									
									
									
									
									
									
									
									
									
									
									
									
									
									
									
									
									
									
									
									
									
									
									
									
									
									
									
									
									
									
									
									
									
									
									
									
									
									
									
									
									
									
									
									
									
									
									
									
									
									
									
									
									
									
									
									
									
									
									
									
									
									
									
									
									
									
									
									
									
									
									
									
									
									
									
									
									
									
									
									
									
									
									
									
									
									
									
									
									
									
									
									
									
									
									
									
									
									
									
									
									
									
									
									
									
									
									
									
									
									
									
									
									
									
									
									
									
									
									
									
									
									
									
									
									
									
									
									
									
									
									
									
									
									
									
									
									
									
									
									
									
									
									
									
									
									
									
									
									
									
									
									
									
									
									
									
									
									
									
									
									
									
									
									
									
									
									
									
									
									
									
									
									
									
									
									
									
									
									
									
									
									
									
									
									
									
									
									
									
									
									
									
									
									
									
									
									
									
									
									
									
									
									
									
									
									
									
									
									
									
									
									
									
									
									
									
									
									
									
									
									
									
									
									
									
									
									
									
									
									
									
									
									
									
									
									
									
									
									
									
									
									
									
									
									
									
									
									
									
									
									
									
									
									
									
									
									
									
									
									
									
									
									
									
									
									
									
									
									
									
									
									
									
									
									
									
									
									
									
									
									
									
									
									
									
									
									
									
									
									
									
									
									
									
									
									
									
									
									
									
									
									
									
									
									
									
									
									
									
									
									
									
									
									
									
									
									
									
									
									
									
									
									
									
									
									
									
									
									
									
									
									
									
									
									
									
									
									
									
									
									
									
									
									
									
									
									
									
									
									
									
									
									
									
									
									
									
									
									
									
									
									
									
									
									
									
									
									
									
									
									
									
									
									
									
									
									
									
									
									
									
									
									
									
									
									
									
									
									
									
									
									
									
									
									
									
									
									
									
									
									
									
									
									
									
									
									
									
									
									
									
									
									
									
									
									
									
									
									
									
									
									
									
									
									
									
									
									
									
									
									
									
									
									
									
									
									
									
									
									
									
									
									
									
									
									
									
									
									
									
									
									
									
									
									
									
									
									
									
									
									
									
									
									
									
									
									
									
									
									
									
									
									
									
									
									
									
									
									
									
									
									
									
									
									
									
									
									
									
									
									
									
									
									
									
									
									
									
									
									
									
									
									
									
									
									
									
									
									
									
									
									
									
									
									
									
									
									
									
									
									
									
									
									
									
									
									
									
									
									
									
									
									
									
									
									
									
									
									
									
									
									
									
									
									
									
									
									
									
									
									
									
									
									
									
									
									
									
									
									
									
									
									
									
									
									
									
									
									
									
									
									
									
									
									
									
									
									
									
									
									
									
									
									
									
									
									
									
									
									
									
									
									
									
									
									
									
									
									
									
									
									
									
									
									
									
									
									
									
									
									
									
									
									
									
									
									
									
									
									
									
									
									
									
									
									
									
									
									
									
									
									
									
									
									
									
									
									
									
									
									
									
									
									
									
									
									
									
									
									
									
									
									
									
									
									
									
									
									
									
									
									
									
									
									
									
									
									
									
									
									
									
									
									
									
									
									
									
									
									
									
									
									
									
									
									
									
									
									
									
									
									
									
									
									
									
									
									
									
									
									
									
									
									
									
									
									
									
									
									
									
									
									
									
									
									
									
									
									
									
									
									
									
									
									
									
									
									
									
									
									
									
									
									
									
									
									
									
									
									
									
									
									
									
									
									
									
									
									
									
									
									
									
									
									
									
									
									
									
									
									
									
									
									
									
									
									
									
									
									
									
									
									
									
									
									
									
									
									
									
									
									
									
									
									
									
									
									
									
									
									
									
									
									
									
									
									
									
									
									
									
									
									
									
									
									
									
									
									
									
									
									
									
									
									
									
									
									
									
									
									
									
									
									
									
									
									
									
									
									
									
									
									
									
									
									
									
									
									
									
									
									
									
									
									
									
									
									
									
									
									
									
									
									
									
									
									
									
									
									
									
									
									
									
									
									
									
									
									
									
									
									
									
									
									
									
									
									
									
									
									
									
									
									
									
									
									
									
									
									
									
									
									
									
									
									
									
									
									
									
									
									
									
									
									
									
									
									
									
									
									
									
									
									
									
									
									
									
									
									
									
									
									
									
									
									
									
									
									
									
									
									
									
									
									
									
									
									
									
									
									
									
									
									
									
									
									
									
									
									
									
									
									
									
									
									
									
									
									
									
									
									
									
									
									
									
									
									
									
									
									
									
									
									
									
									
									
									
									
									
									
									
									
									
									
									
									
									
									
									
									
									
									
									
									
									
									
									
									
									
									
									
									
									
									
									
									
									
									
									
									
									
									
									
									
									
									
									
									
									
									
									
									
									
									
									
									
									
									
									
									
									
									
									
									
									
									
									
									
									
									
									
									
									
									
									
									
									
									
									
									
									
									
									
									
									
									
									
									
									
									
									
									
									
									
									
									
									
									
									
									
									
									
									
									
									
									
									
									
									
									
									
									
									
									
									
									
									
									
									
									
									
									
									
									
									
									
									
									
									
									
									
									
									
									
									
									
									
									
									
									
									
									
									
									
									
									
									
									
									
									
									
									
									
									
									
									
									
									
									
									
									
									
									
									
									
									
									
									
									
									
									
									
									
									
									
									
									
									
									
									
									
									
									
									
									
									
									
									
									
									
									
									
									
									
									
									
									
									
									
									
									
									
									
									
									
									
									
									
									
									
									
									
									
									
									
									
									
									
									
									
									
									
									
									
									
									
									
									
									
									
									
									
									
									
									
									
									
									
									
									
									
									
									
									
									
									
									
									
									
									
									
									
									
									
									
									
									
									
									
									
									
									
									
									
									
									
									
									
									
									
									
									
									
									
									
									
									
									
									
									
									
									
									
									
									
									
									
									
									
									
									
									
									
									
									
									
									
									
									
									
									
									
									
									
									
									
									
									
									
									
									
									
									
									
									
									
									
									
									
									
									
									
									
									
									
									
									
									
									
									
									
									
									
									
									
									
									
									
									
									
									
									
									
									
									
									
									
									
									
									
									
									
									
									
									
									
									
									
									
									
									
									
									
									
									
									
									
									
									
									
									
									
									
									
									
									
									
									
									
									
									
									
									
									
									
									
									
									
									
									
									
									
									
									
									
									
									
									
									
									
									
									
									
									
									
									
									
									
									
									
									
									
									
									
									
									
									
									
									
									
									
									
									
									
									
									
									
									
									
									
									
									
									
									
									
									
									
									
									
									
									
									
									
									
									
									
									
									
									
									
									
									
									
									
									
									
									
									
									
									
									
									
									
									
									
									
									
									
									
									
									
									
									
									
									
									
									
									
									
									
									
									
									
									
									
									
									
									
									
									
									
									
									
									
									
									
									
									
									
									
									
									
									
									
									
									
									
									
									
									
									
									
									
									
									
									
									
									
									
									
									
									
									
									
									
									
									
									
									
									
									
									
									
									
									
									
									
									
									
									
									
									
									
									
									
									
									
									
									
									
									
									
									
									
									
									
									
									
									
									
									
									
									
									
									
									
									
									
									
									
									
									
									
									
									
									
									
									
									
									
									
									
									
									
									
									
									
									
									
									
									
									
									
									
									
									
									
									
									
									
									
									
									
									
									
									
									
									
									
									
									
									
									
									
									
									
									
									
									
									
									
									
									
									
									
									
									
									
									
									
									
									
									
									
									
									
									
									
									
									
									
									
									
									
									
									
									
									
									
									
									
									
									
									
									
									
									
									
									
									
									
									
									
									
									
									
									
									
									
									
									
									
									
									
									
									
									
									
									
									
									
									
									
									
									
									
									
									
									
									
									
									
									
									
									
									
									
									
									
									
									
									
									
									
									
									
									
									
									
									
									
									
									
									
									
									
									
									
									
									
									
									
									
									
									
									
									
									
									
									
									
									
									
									
									
									
									
									
									
									
									
									
									
									
									
									
									
									
									
									
									
									
									
									
									
									
									
									
									
									
									
									
									
									
									
									
									
									
									
									
									
									
									
									
									
									
									
									
									
									
									
									
									
									
									
									
									
									
									
									
									
									
									
									
									
									
									
									
									
									
									
									
									
									
									
									
									
									
									
									
									
									
									
									
									
									
									
									
									
									
									
									
									
									
									
									
									
									
									
									
									
									
									
									
									
									
									
									
									
									
									
									
									
									
									
									
									
									
									
									
									
									
									
									
									
									
									
									
									
									
									
									
									
									
									
									
									
									
									
									
									
									
									
									
									
									
									
									
									
									
									
									
									
									
									
									
									
									
									
									
									
									
									
									
									
									
									
									
									
									
									
									
									
									
									
									
									
									
									
									
									
									
									
									
									
									
									
									
									
									
									
									
									
									
									
									
									
									
									
									
									
									
									
									
									
									
									
									
									
									
									
									
									
									
									
									
									
									
									
									
									
									
									
									
									
									
									
									
									
									
									
									
									
									
									
									
									
									
									
									
									
									
									
									
									
									
									
									
									
									
									
									
									
									
									
									
									
									
									
									
									
									
									
									
									
									
									
									
									
									
									
									
									
									
									
									
									
									
									
									
									
									
									
									
									
									
									
									
									
							&gt	&gt	 c√≥pia
