791,se eu fosse mulher do justin ia torcer pros nossos filhos puxarem ao pai pq que bicha estranha eu sou mano;n;;
888,acabei de lavar o cabelo;n;;
16867,Mai t· falando Ainda?;n;;
"3866,""#trocadepasses , @RogerFloresTV , acho que o novo tÈcnico do Flamengo pode ser o Wagner Mancini..!!""";n;;
"8188,""Prefiro ser sincero com as pessoas, mesmo que algumas n„o gostem, antes sincero e verdadeiro do que falso.""";b;;
3092,@ifvccabello sdv bb;n;;
14339,depende https://t.co/72u8Z7YH1W;n;;
"5602,""Deus, eu te amo.""";b;;
"18386,""hj parei p refletir como uma pessoa faz falta, como sua vida fica avulsa sem a presenÁa de quem vc sempre tem por perto, ent„o valoriza""";b;;
8419,J· avisei hj minha m„e que esse mÍs eu vou furar a orelha;n;;
"7614,""que Ûdio que eu fico quando n„o fazem quest„o mano, sÈrio""";r;;
21963,√î COITADO https://t.co/Sl1V0wKQx8;r;;
"1419,""@neves1laura @_camilamarquess laura, vocÍ È muito fofa, vou te adotar""";b;;
11634,ACABOU???;n;;
13820,tanta coisa precisa ser mudada em mim;r;;
8043,SUITS √â A MELHOR SERIE DO MUNDO!!!;b;;
"15281,""@awildponyta cara, eu sempre caio no gemidao por causa dessas merda de gif :(""";r;;
"17128,""Esse programa t· demais hoje.";b;;
Alegrou meu fim de semana, RSS!;b;;
O pÈ de bicho foi a melhor parte.;b;;
"#resenhaespn""";n;;
"12375,""fiz umas contas b·sicas hj e cheguei √† conclus„o q tenho 4 meses pro tcc, pra p1, pra p2, p trabalhos e pro simposio... dormir pra que nÈ?""";r;;
11478,RAPAAAAZ!!!!!! SER√Å QUE ELE MORREU MESMO! Mano!!!;n;;
"9371,""You're just everything to me! I'm very proud to be your fan @dinahjane97 Follow me and fulfill my dream, I beg you please. x181""";b;;
"21921,""Eu sou  meio zoeira d+ √†s vezes, ai eu falo sÈrio mas a pessoa n„o leva a sÈrio KKK KKJ n„o sei È bom ou ruim""";b;;
"22986,""@LeoSCCPJundiai Obrigado, meu mano! Tamo junto!!""";b;;
5455,Aprendam a viver a vida de vocÍs e n„o se importar com a dos outros;b;;
"17699,""E O PRE√áO QUE EU PAGO √â NUNCA SER AMADA DE VERDADE, NINGU√âM ME RESPEITAR NESSA CIDADE""";r;;
"22042,""Oi";n;;
;;;
TÙ aqui;n;;
;;;
Manda algo maneiro. De responsa.;n;;
;;;
Confio em vc.;b;;
;;;
"https://t.co/7xGTw29Ecn""";n;;
3036,Tiago dx essa musica do kevinho na minha cabeÁaaaaaa scr;b;;
17489,@Estadao Venezuela virou a desculpa para a imprensa bandida desviar o assunto das merdas que est„o acontecendo no Brasil.;r;;
"22148,""""""Eu morei no Canad· j·!e em Los Angeles !estudei interpretaÁ„o em Los Angeles !"""" lÍ a nossa conversa de novo, pq eu juro q √± te perguntei nd""";n;;
"22374,""@UOLNoticias Os Bolsotarios acham o m·ximo, nem os militares o  apoiam, zero projeto do que diz defender, caso de l‚Ä¶ https://t.co/pBIx3Ioant""";r;;
"14470,""bobo j· sabendo q n vai dar certo, mas È bem pior n ter vc por perto""";r;;
9760,Pesado #askbelieber https://t.co/OAnA0p2IaX;r;;
18874,@dinahjane97 LOVE;n;;
14199,@JuliaLima97 @Hangulptbr @ArmyDiario @BangtanMozao @LoveYouJoonie @Brangtanzil kkkk eu conheci umas Armys que virar‚Ä¶ https://t.co/zEH0NAvgPb;n;;
18176,Eu j· tinha visto o episÛdio mas mano. #DominGOT sendo DominGOT #GameOfThrones #Dracarys;b;;
"4038,""J· votaram no soribada hoje?";n;;
;;;
#BTSxSoribada ;n;;
#SoribadaBTS ;n;;
"#Soribada https://t.co/P7M6onYm7q""";n;;
536,Somente este homem pode salvar o flamengo https://t.co/vbrOc5L3Pb;n;;
2211,@netto_lolo an?;n;;
7337,@lowqualityboy KKKKKKKK apenas assim;n;;
22147,Desisto de tentar postar os snaps de hoje;r;;
15987,vadia;r;;
7882,A conex„o com as meninas È t„o forte que se uma tomar 1tiro n duvido q as outras sintam;n;;
18363,pelo menos amanh„ tem aula de educaÁ„o fÌsica;n;;
12573,disgraaaaaaaaaaaaaaÁa https://t.co/2XZ8Vsp0E4;r;;
7413,Eu n„o tÙ legal com meu Jon e minha Daenerys n„o tÙ bem mesmo #GameOfThrones;n;;
"19646,""minha cunhada rindo de mim no carro, ela riu tanto que quase bate o carro""";n;;
19968,Reggae musicccc;b;;
20732,Game of Thrones te amo ‚ù§Ô∏è;b;;
9747,PQP QUE EPIS√ìDIO DA PORRA;b;;
22931,Quem quer acordar cedo amanh„?;r;;
18010,2 livros para inspirar meninas https://t.co/353cDAG8Xg  https://t.co/Q9rqgYygYE;b;;
3678,que lindo eu chorando;b;;
1252,Meu amorzinho affff https://t.co/D9gTFpRchi;b;;
20851,oi 5sos vocÍ poderia por favor lanÁar as m˙sicas que vocÍs gravaram e mostraram trechos no dvd mas n„o colocaram no ·lbum ou ep? obrigada;b;;
13773,Ser rejeitada https://t.co/aLFmdP5wfm;r;;
3335,Esperando https://t.co/TMyRJWaa1G;b;;
8462,#RuedaNoFlamengo https://t.co/UozosXopNB;b;;
9262,@Geek_Jujuba Eu respeito e brinco e me zoam tambÈm!;n;;
6655,AmÈm https://t.co/ZgUWjflXYZ;n;;
11225,n„o vem me assaltar sem arma achando que vou entregar meu celular;r;;
21377,vou È dormir memo t· loco;r;;
11341,U FUCKING IDIOT;r;;
18776,@luclaflop MY DREAM;b;;
"22123,""@HeardYouCall SensaÁıes e reaÁıes difÌceis de verbalizar de uma forma direta, geralmente. A lua olhando pro lado te‚Ä¶ https://t.co/Gp4jkvUjOB""";n;;
21342,Nosso amigo e jornalista Wagner Hiroi continua desaparecido. Na torcida para que nada de grave tenha acontecido! https://t.co/J5pW9xDJQg;r;;
"7047,""Mano, quase choro vendo essa entrevista do Abel no fant·stico""";b;;
16681,Eu vou ficar brava da vida se eu tiver tomado essa multa;r;;
21776,Que cast viu ... https://t.co/7QCdzUu0b0;n;;
"16233,""Meu nome È rocky, eu estou no sÈtimo ano e atÈ hj eu nunca vi reggaeton na siga el toro. TOCA";n;;
PRA;n;;
"MIM""";n;;
"5857,""teixeira acha que manda em mim, vou dar na cara dele""";r;;
"237,""""""venceu em 2014!! sabe quanto tempo tem isso??? SETE ANOS""""""";r;;
5582,Sigam usando a Tag obrigado de nada. #IveteAvontade https://t.co/pofqsZUWI4;n;;
8423,Gosto demais desse frio;b;;
12853,Vai se fude que morte merda;r;;
17311,@HelenaSemNovela me dÍ a m„o e vamos juntas;n;;
11474,as vezes bate mÛ saudade kk;r;;
17007,@covinhas_boy TÙ aqui com vocÍ;n;;
6181,@lopes_luu Qual vai ser o jet?;n;;
8661,Afe esse moÁo pego pela central @cadefeministas que odio... #GameOfThrones;r;;
145,Kkkkk https://t.co/5ual3STNsh;r;;
20056,no momento se encontro 400% carente;r;;
22672,Eu perco qnd me chamam de morena kkkk sÈrio;n;;
14002,na verdade na hora que a dany surgiu eu j· tava correndo;n;;
"8877,""Essa semana vai ser uma correria, to atÈ vendo""";r;;
2784,se fuder porra meti a testa na quina do criado mudo;r;;
"22332,""""""pq vc veio morar em sp?!"""" https://t.co/IhQKz38rXH""";n;;
5403,N„o consigo lidar https://t.co/gVtWkNTvyc;n;;
16094,cosplay de @lobumariana https://t.co/gL17oNtGAp;n;;
"5103,""@bo_cross Eu ia parar, MAS TO LOGANDO (sou ruim espero que n se importe -q)""";r;;
17831,Bran t· naquela fase que vc lÍ George Orwell e acha que entendeu o mundo;n;;
3496,n„o adianta falar pra quem n„o quer ouvir...;r;;
22290,A @motionfalessy assitindo TVD https://t.co/W7f7Tk8uEx;n;;
4679,Truste  #askbelieber https://t.co/xoqE63V83M;n;;
14455,eu tÙ muito ousada deus coloca limites;n;;
3918,Queria saber cantar igual a Whitney Houston;b;;
11909,E depois fica perguntando: JOYCE PQ ELES EST√ÉO BRIGANDO?!;n;;
1728,Volta logo Jesus #Fant·stico;b;;
"9212,""You're just everything to me! I'm very proud to be your fan @dinahjane97 Follow me and fulfill my dream, I beg you please. x173""";b;;
7095,@BTS_twt Jungkook?;n;;
"15477,""Depois das duas coisas decepcionantes q escutei hoje, cheguei na total certeza que eu sÛ entro na bala e ponho a m„o no fogo por mim mesma.""";r;;
"3953,""Vou cumprir meus hor·rios e fim, pro meu pai n chapa na minha depois""";n;;
15245,@pabllovittar Mulher da minha vida;b;;
7911,@luuarruda_ KKKKK Sigo rindo;b;;
17459,Escutando bob;b;;
"5933,""""""Mas eu lembro quem È quem, nunca esqueÁo um porÈm,vÍm cheio de falsidade hoje, o que vai volta tambÈm....""""""";n;;
"1190,""Nada melhor que chega do Jogo, toma um ducha e deita, final de semana rendeu 100%""";b;;
9497,TÙ com vontade de comer um lanche do Tio ZÈ ( X-tudo)‚ù§Ô∏è;b;;
18171,Comer um lanche do jorginho;b;;
"7203,""You're just everything to me! I'm very proud to be your fan @dinahjane97 Follow me and fulfill my dream, I beg you please. x86""";b;;
19356,Ouvir m˙sica cl·ssica da tanta paz;b;;
"18975,""Sansa e Arya indo atÈ o Bran que lindo esse encontro, falta o Jon AAAAAAAAAAAAAAAAAAAAAAAAAAAAAAAAA""";b;;
"4014,""Tudo e todos que emporcalha este paÌs,deve ser varrido e posto no moedor pra n„o ter retorno,nem tudo que È renovav‚Ä¶ https://t.co/szBAcofDPS""";r;;
12438,Que episÛdio. Que episÛdio;r;;
9019,Essa festa da minha prima foi fodaaaa;b;;
21910,quando o capit„o holt sai da 99... eu fico muito triste;r;;
"20496,""Na comemoraÁ„o do 3¬∞ gol do Corinthians contra o Sport est· o resumo da minha vida amorosa! ‚ù§Ô∏è";b;;
"Eu sou o Arana. https://t.co/vvsBouuOMu""";b;;
20829,@MaauricioLuiz so quero menino bran trocando de pele com um dragao;n;;
13808,O grito que eu dei quando aquela flecha acertou o Drogon. Meu olho encheu de agua na hr! #GameOfThrones;b;;
"15608,""n„o adianta querer conquistar um taurino se vocÍ n„o est· disposto a dar atenÁ„o e passar seguranÁa";r;;
;;;
"nem tenta""";n;;
6666,@mariana_antune1 n„o sou eu kkk;n;;
10466,N√ÉO EU N√ÉO CONSIGO OLHAR;n;;
672,Sean paul - give it up to me;n;;
4814,slc vou atÈ parar de responder jjk;n;;
20070,@dinahjane97 follow me;n;;
7793,Mindinho se borrou com a Arya kkkkk amei;b;;
23058,Queria mandar mensagem mas ainda estou mt consciente p fazer isso;n;;
17579,Eu n„o devia estar surpresa;n;;
194,Lundu https://t.co/Zp4iByI6OS;n;;
15607,E vai comeÁar tudo de novo;n;;
"20849,""Sobre a #GOT7 ";n;;
"O meu Got7/ O meu Got7 tambÈm https://t.co/49DQHfR6T6""";n;;
"18791,""O farofa j· foi p Austr·lia bicho, amanh„ ele chega l· p construir a vida dele. Luuuz meu bom""";b;;
"4054,""meados de 2006, PS2 rodando um Winning Eleven";b;;
Era um mar de mitos, os melhores jogadores estavam l·;b;;
Agora tu pega;n;;
"tem 2 times bons sÛ""";n;;
6244,Nossos segredos desvendados no escuro do meu quarto...;n;;
18223,T· chegando a horaaaaaaa;b;;
"13327,""e o bds como sempre cai depois da exbiÁ„o do e, vc quer @?? #gots7""";r;;
11530,PQP QUE EPIS√ìDIO FOI ESSE?!!! #GameOfThrones;b;;
9328,se o tempo que eu ja gastei jogando fosse usado fazendo qualquer merda util eu tava mt bem de vidfa;r;;
15769,Quero https://t.co/qjgjHcgbSz;n;;
2786,que fds corridinho fiz mil coisas muito gostoso;b;;
21471,@bynnath Oi linda;b;;
"6968,""You're just everything to me! I'm very proud to be your fan @dinahjane97 Follow me and fulfill my dream, I beg you please. x80""";b;;
"7546,""Perguntas, confissıes, qualquer coisa que me faÁa rir... Enfim. https://t.co/rMfH19cvRt""";r;;
13579,@ProHelpFollows CÍ vai conseguir;b;;
9231,Agradecendo por ter um amigo pra me salvar nesse domingo do c„o;b;;
"7803,""aaah eu quero muito ter um lovezinho, poder chamar alguÈm de """"meu amor"""", uma companhia pra fechar comigo em qualquer situaÁ„o... queria""";b;;
20516,Quem trai tambÈm n„o;n;;
17923,@Ela_Ama_Ela Ligeira vocÍ. VAI FALAR COM ELA EM PFR;b;;
"14605,""@limatss vou tentar ser sucinto nas bobagens do texto";b;;
"1- educaÁ„o tem problemas, obvio ngm nega, mas isso È falta d‚Ä¶ https://t.co/ALWEGW9pF2""";r;;
10755,È horrÌvel ouvir algo que dÛi e saber que È sÛ a vdd;r;;
14407,Vou joga mais um pouco e dormir !!;b;;
"10528,""or worse, expelled""";b;;
1932,Haaaaaaaaaa #IveteAvontade https://t.co/Th2G8S1Ru3;b;;
"7090,""Odeio gnt q n„o faz quest„o de nada, da um des√¢nimo""";r;;
22063,Eu so mto linda ne aiai;b;;
17733,bora assistir esse ep agr pq n„o vou aguentar atÈ amanh„ n„o;b;;
"13285,""eu queria esquecer tudo q eu j· assisti de got, pra poder assistir tudo dnv e sentir a emoÁ„o q eu senti da primeira vez PQP que sÈrie fodaa""";b;;
"8920,""na onde uma pizza √† moda nao vem com bacon e/ou calabresa? so nos dois irm„os, so la""";r;;
13649,#GoTS7 Got numca sera superado;b;;
10424,@Mandah05 Boa noite!;b;;
7494,aaaa https://t.co/PVTj4sFhB3;n;;
4942,@gabiileal_ vcs adquiriram sozinhas;n;;
12383,busy thinking about girls;n;;
12032,MANOOOOOO COMO ASSIM ACABOU ? #GOT7;b;;
23071,n„o consigo dormir de roupa nem no frio de 9 graus;r;;
4452,Nossa vou tirar minha carteira de trabalho tÙ me sinto um lixo adulto;r;;
19785,JORGINHO N√ÉO!  #RuedaNoFlamengo #VemRueda https://t.co/VBs24FxSBT;r;;
11289,Eu sou mt grato por ter conhecido o mota;b;;
"21328,""Eu realmente me encontrei em Deus,ele È top gente""";b;;
21450,o momento de oraÁ„o prÈ culto hoje foi lindo tambÈm!!! Deus tem derramado tanto!!! o melhor È saber que Ele È uma fonte de vida inesgot·vel!;b;;
"18684,""@nairacardoso_ √â engraÁado e amorzinho ao mesmo tempo, amo mt (mas sai do netflix dia 3 de setembro, ent„o corre)""";b;;
21828,Eu tÙ berrando https://t.co/HEmAaWWAD0;b;;
280,Era pra eu ter secado meu cabelo pq eu to meio gripada mas eu ainda to tentando tomar coragem;r;;
7404,VocÍs ainda perguntam se vai ser o melhor ·lbum da carreira? https://t.co/hjuAhkpDdg;b;;
9891,Horrivel dormir de mal jeito e sofrer o dia todo com dor no pescoÁo;r;;
"2685,""@Bettosp_71 Concordo, vc gostaria de ver quem no cargo ?""";n;;
6745,√â foda!!! https://t.co/a9ZilyXDsl;r;;
2614,Vai tomar no cu todo mundo menos meus Ìdolos e minha m„e  #askbelieber;r;;
"16083,""T√¢ntrica, natural e m·gica, o sutil e o corpÛreo, no eterno e transitÛrio instante que se passava""";b;;
1968,d qbradinha? https://t.co/FN5lMSkwMS;r;;
12778,eu era feliz e n sabia;r;;
21974,vou comprar outro logo logo;r;;
22949,L https://t.co/d2TsseUuRS;n;;
22013,se eu te oferecer o mundo È agente ficar junto meu bem;b;;
1530,por mim eu dormiria agora;n;;
20878,@holzmann23 HAUSHSUAHSUAHAUAHAUAHAUAH tomou um solzin nÈ;n;;
8852,minhas unhas da m„o direita s„o curtinhas e as da m„o esquerda grandinhas;n;;
16050,Tr·s a porra da fita pra nois que o nosso bonde n„o È de deixar rastro;r;;
19568,EngraÁado demais quem usa o stories do wpp pra postar indireta pros contatinhos KKKK;r;;
11494,r9 so tem 1 nao tem 2 entendeu;r;;
6032,arya chegou em winterfell #gots7 https://t.co/FkxqrjkXGI;b;;
6241,#IveteAvontade essa mulher È PICA;b;;
17482,Quero ver esse ep de GOT logo;b;;
8284,Ah se essas paredes n„o falassem;b;;
1341,https://t.co/bgEjqL7Cp1;n;;
14054,@maduzen_ KKKKKKKKKKKK;b;;
20049,acho que preciso de outras fÈrias;b;;
4510,ai meu deus como eu queria ter mais tempo aquele dia;r;;
9477,‚ù§‚ù§‚ù§‚ù§‚ù§‚ù§‚ù§‚ù§‚ù§‚ù§‚ù§‚ù§‚ù§‚ù§‚ù§;n;;
424,n„o existe wpp mais parado q o meu;r;;
153,Acabei de fazer minha unha agora tenho q terminar aquele trabalho;n;;
10793,A dor È t„o intensa que se eu pudesse eu morreria sÛ pra sÛ sentir.;r;;
9267,amanh„ meu cabel„o vai estar oleos„o mas ok;b;;
21773,@FreshPrincessB @anadelonge @londoneyedgirl @palomareis que hombre;b;;
"6275,""Passasse o DÛria nessa caverna, j· estaria tudo cinza #GoT""";r;;
6414,Vou f1 e capotar ! https://t.co/YzSJphjXD9;n;;
23086,eu AMO ser EU;b;;
17841,Hahahaha https://t.co/SgNFWQQcPE;b;;
20127,@FreeMahrez AAAAAAAAAAAAAAAAAAAAAAKKKKKKKKKKKKKKKKKKKKKKKKKKKKKKKKKKKKKKKKKKKKKK;b;;
15598,mas quem È esse aqui n„o conhecemos https://t.co/WSVaHVdEc7;n;;
"19735,""69 - VocÍ È sensacional, smp te falo isso,  garota incrivel, engraÁada,  louca dms, ta cmg em todas as hora, tenho mta sorte de ter vc, amo""";b;;
5328,CÍs tem noÁ„o que a chance de ter Jonerys no ˙ltimo episÛdio t· cada vez maior? MEU DEUS QUE MORTE LENTA;b;;
22446,eu e quem https://t.co/XnjipTBpYy;n;;
"3106,""ComeÁou GoT e eu tÙ vazando da TL, forte abraÁo""";b;;
7958,Black Mirror eh mt tenso;b;;
2622,@vicinarai Olha... Eu to querendo uma vaga em qualquer facul p˙blica;n;;
14699,Tudo doido;r;;
"1482,""AÌ pqp, tenho uns 10 livros pra comprar e meu nÌver t· longe""";r;;
9436,Eu tive um sonho onde todos nascem livres...;b;;
4840,Mengo poderia contratar Reinaldo Rueda;b;;
17177,@umacacta ali·s aproveitando o assunto vocÍ sabe algum tonalizante vermelho que seja topperson? pq eu n„o acho nenhum bom aqui;n;;
4824,reconciliaÁ„o com a pessoa que vocÍ ama È a melhor coisa do mundo ‚ù§Ô∏è;b;;
"8935,""Bronn, t amodeio""";b;;
18448,https://t.co/BpCyOV04un https://t.co/tgJdjIyAjT;n;;
9346,#RuedaNoFlamengo https://t.co/zDYZxGo50c;b;;
341,@isazanattaa KKKKKKKK;b;;
"909,""SÛ ele pode salvar o """"Meng„o da Massa"""". https://t.co/uI3B3wmnX7""";b;;
17997,Episiodi„o d· Porra https://t.co/oKmc5flXCR;b;;
6057,Muito Stark juntos e felizes me fazem ficar muito desconfiada. Parece que um deles vai cair morto a qualquer momento.  #GameOfThrones;b;;
21333,Tudo j· se calculou no momento que eu vi a porta certa fechar e a errada se abrir ..;n;;
"20334,""@tintilo nao, eu deletei. deixei so uma, pq""";n;;
"19662,""O ep acabou e eu acabei de lembrar """"COITADA DA MEERA"""" Bran is heart is frozen! Vem c· miga, me d· uma abraÁo!""";b;;
10352,Pela primeira vez eu assisti Lord Of The Rings kkkkkjjj;b;;
16709,EU N√ÉO AGUENTO MAIS https://t.co/RCMl0y0qVB;r;;
"10533,""Jamie e Bron √± morrem nunca";b;;
"#got #gameofthrones""";b;;
"21356,""-miga, foi top?";b;;
"-foi topster""";b;;
17920,Fica com papai do cÈu pq cmg n„o vai rolar KKKKKKKKKKKKKKKKKKK;r;;
"20097,""Bolinho caipira È tudo de bom, meu Deus. ‚ô•Ô∏è""";r;;
11907,Bixo... essa volta de campos do Jord„o È do castilho! pqp...;r;;
"10086,""@wiiliansVenanc1 Escaparam porque o Simon meteu a m„o no Palmeiras, nÈ? Dessa parte eu n„o me esqueÁo... rsrs""";r;;
11581,VAI SE FUDER HBOOOOOOOOOOOOOOOO;r;;
17150,todos desacreditando que deu certo KKKKKKKK finalemente tÙ desencalhando amÈm;b;;
12849,Aquela visita inesperada de pleno domingo √† noite ‚ù§Ô∏è https://t.co/XcANyDoo6A;r;;
16596,@Tutuzin11 Ta tirando;r;;
18062,@becca_siss tem como vossa senhoria me dizer quem È;n;;
162,Eu n„o consigo disfarÁar quando estou cansada gente meus olhos ficam min˙sculo eu fico muito p·lida;n;;
8908,@Htfishh assim quando eu achar eu dou pra vc ta pq ate agora nao encontrei nadinha;n;;
23263,Foufa;b;;
2648,@wilkrainbow BRISOLA DO C√âU EU E VX https://t.co/TyMKSFbGIS;r;;
18011,Beeeeeerro #IveteAvontade  Two minutes https://t.co/1b5IFkHeJP;b;;
"8874,""You're just everything to me! I'm very proud to be your fan @dinahjane97 Follow me and fulfill my dream, I beg you please. x161""";b;;
17093,@JeAfons0 amig... https://t.co/CocGwg9gnV;b;;
5125,ouvir @tiagoiorc È a melhor vibe;b;;
7182,Tem gente aÌ que eu jurei que nunca ia esquece hj eu olha e penso olha esta fdp pisou em mim demais velho nunca mas vou ser bobo assim;r;;
4882,KKKKKKKKKKKKKKKKKKKKK socorro;b;;
15863,eu nunca fiz quest„o de existir;r;;
"10204,""Quem È Picasso perto do Bangtan Sonyeondan";b;;
" https://t.co/RAGvdExdU6""";n;;
10865,Mas sÛ nos meus sonhos;b;;
625,Mais um dia no MC;b;;
18543,A ˙nica coisa q me motiva a continuar aqui È a esperanÁa de um dia poder ver BTS pessoalmente;r;;
"6469,""È que vaso ruim n„o quebra, sangue ruim n„o coagula""";n;;
22895,eu sempre sou um amor com meus amigos mesmo ‚ù§ https://t.co/r3HPH87oSc;b;;
12890,eu vivo na esperanÁa que um dia ele voltaraaaaaa;n;;
345,Slccc;b;;
"2605,""#DominGOT bora ver!";b;;
"#GameOfThrones #GameOfThones7""";b;;
5996,o jon tava sorrindo?;b;;
10060,Obrigada Deus https://t.co/j3QrQb8msq;r;;
13167,Nao quero aula amanh„;n;;
10474,nem fiz a brincadeira kkk;n;;
17168,Pq q o Bran n„o tah contando tudo q sabe?;n;;
20179,vim pra estragar tua festa;r;;
11194,ta horrÌvel quero vÍ ele aguenta atÈ o ano que vem isso https://t.co/mmLOBaOQUu;r;;
12497,@brubslola ok ent„o a minha opini„o n„o conta e rosa???;n;;
3290,:/;b;;
4802,@giossauro @blinkerino genÈtica boa;b;;
"18022,""@JuliaLima97 @Brangtanzil @Hangulptbr @ArmyDiario @BangtanMozao @LoveYouJoonie Queria dizer que n„o, porem rodei os‚Ä¶ https://t.co/3yyoPWA9cs""";b;;
16381,socorro ke https://t.co/aRYdKhk9xQ;n;;
"7725,""ARYA TA DE OLHO NO LITTLE FINGER, MENINA ESPERTA ";b;;
"#GoTS7""";b;;
8161,ForÁa povo da Venezuela!! https://t.co/6vpSDj6MZh;b;;
4889,tri molhado kkkkkkkkkkkkkkkkkk;b;;
21778,T· triste? Justa seus amigos e vai rir. Ficar estimulando dor e tristeza sÛ piora!;n;;
20923,por que nesquik È t„o bom;b;;
22561,Fiquei brava Agora mdss do cÈu;r;;
8800,PREPARADOS PARA A CENA QUE VAI VIR AGORA??? DRACARYS NELESSS #GotS7 #GameOfThrones;b;;
11903,Hj logo ensinei ele a arrotar;n;;
"7822,""Eu te amo, Arya Stark. EU TE AMO!!!!!""";b;;
8000,Essa menina consegue roubar minha brisa toda kk;b;;
10839,aquela super preguiÁa viu;b;;
19544,Minha m„e t· rachando com a pegadinha do Silvio santos kkkkkkkkkkkkkk;b;;
17673,RT aqui quem t· ansioso pra fotinha comemorando os trÍs M VIVIAN RUMO TR⁄S MILH√ïES;b;;
3119,Ou vou abrir o port„o e vejo que ela esta deitada da passagem;b;;
15315,Pessoas decididas &gt;n;;
13850,Nem todo È o que mostra ou diz ser...;n;;
11863,CARALHO QUE EPISODIO FOI ESSE EU TO TREMENDO DESESPERADA;b;;
4306,Me retirando pra n„o ter spoilers de GOT;b;;
17595,Q fome;n;;
8947,kkkkkkkkkkkk tava demorando;b;;
"4499,""Meu, eu peguei um ranÁo desse cara, nem parece que tem a idade que tem""";n;;
"4867,""sorriso do yhan È lindo, sÛ queria deixar registrado""";b;;
5275,arya bran e sansa juntos eu amo os meus filhos;b;;
"20053,""ex do meu namorado È um ser d outro mundo, mal amada""";r;;
"13154,""Se juntarem todos homofÛbicos da terra, e explodirem eles.... Seria meu sonho?""";r;;
10377,@ramielliviana :(;r;;
16126,cuzona* https://t.co/4TmlR6WEA7;r;;
17807,Eu confio desconfiando porque aprendi que as pessoas mentem mais do que falam a verdade.;r;;
"9731,""Ela mora no meu coraÁ„o, na minha alma, na minha cabeÁa, ela mora na minha vida""";b;;
7637,Eu gostaria de recomeÁar aquilo tudo que eu te falei antes de viajar e me perder um pouco mais a cada dia que eu passei por l·..;b;;
4805,EU ESPERAVA MAIS EMO√á√ÉO DESSE REENCONTRO to CHATEADA #GotS7 #GameOfThrones;r;;
"9557,""""""vou por Pink Floyd"""" https://t.co/ku6HfY9P3W""";b;;
20517,ao vivo: vai tomar no xambrieli @ghabrielia;r;;
12024,Amanh„ eu vou ver se o luan sabe cozinhar msm KKK;n;;
"13617,""Quanta falsidade quanta hipocrisia rola , minha cota j· deu pra amizades falsas , agora valorizo quem me valoriza, e quem fecha com ou sem $""";r;;
7903,@DailyEmillyA @SOPHIABER Vamos no IG curtir e enalteder ela ficou uma deusa.Corram la.;b;;
9310,slc vamo fazer mo festona pro biel;b;;
"18110,""Guarda tua felicidade. N„o corra por aÌ espalhando a novidade. Fique quietinho, sorria em silÍncio. Felicidade sem platÈia dura mais.""";n;;
18284,SÛ falta meu joelho comeÁar a doer a essa hora;r;;
11326,O JAMIE MORREUUUUU?????????;b;;
15383,ZÈ Ricardo caiu mesmo rapaz...;n;;
5950,Nao aguento jon e dany juntos PQP;n;;
6992,@mochiyoongie DEU PRA OUVIR DAQUI;b;;
22749,EU E QUEM https://t.co/e5KnjAFa9l;n;;
"17364,""Todo mundo falando da cena final e tal, mas tenho que mencionar o reencontro dos Starks, que coisa linda  #GamesOfThrones #GotS7""";b;;
"5008,""@NathalyFernaand @brendaliveira Voce È especial p mim, nunca se esqueÁa disso.""";b;;
1798,NAO DEU TEMPO PRA ELES SE PEGAREM EU ACORDEI ANTES EU MEODEIO;r;;
498,Na vida eu sou a saud·vel que toma ·gua no role https://t.co/yuGVGFoQDO;b;;
3815,Tem gente que tem o dom de sair bonito em foto 3X4;n;;
"1048,""essas minas magras q ficam postando foto e colocando de legenda """"gorda mesmo haha"""" me irritam num nÌvel que meudeus...""";r;;
6066,jon desenhou tudo isso aÌ agora;n;;
17248,EU TO PASSANDO MAAAAAAL QUE HOMEM https://t.co/tGX6b7nodL;n;;
"4004,""Oi gente, tÙ de fÈrias \o/""";b;;
11178,esse fini com recheio ·cido È uma bomba pura;b;;
"3413,""@1estrelar È mt ruim, sorry""";r;;
12115,Eu sobre fazer 18 essa semana::::: https://t.co/uipQIK0eqW;b;;
12007,maravilhosa ela zabela;b;;
23290,@beufrasio_ ???;n;;
8698,m„e do huguinho mandou umas mensagens que ate deixou meu coraÁ„o na paz;b;;
"22808,""tomara que ninguÈm judie de cavalos nessas gravaÁıes, tenho mta dÛ de cavalos :(""";b;;
"15251,""Vi GoT e nem sabia da boa da noite sobre o ZÈ.";b;;
"Deus existe!""";b;;
22645,Marianna tira ums print do alem;b;;
"12146,""@Cecilia_stanci ahhhh tendi, que bommm‚ù§Ô∏è(e quebra ela)""";n;;
"1920,""Read this...more than an article its an inspiring story...""""Agriculture no longer just a man's world"""" #WomeninAg...T‚Ä¶ https://t.co/LaZOKXDn9h""";b;;
"21091,""@vii_cchaves Af que lixo, tomara que consertem logo""";r;;
"6508,""'"""" vocÍ vai mete o louco com seus gados n„o cmg """"'";n;;
;;;
"BY: Natalia""";n;;
12409,SÛ qria dizer q a m„e da Laura È TOP DMAIS ‚ù§Ô∏è;b;;
14278,queria meu amor aqui agora;b;;
"865,""As vezes eu me deparo com minhas amizades e penso: cada idÈia errada, ignorancia, patada, falta de conex„o... da atÈ vontade de ser sozinho""";r;;
2498,#gots7;b;;
"2996,""Briefing e casting do meu primeiro editorial j· est· confirmado, agora È sÛ aceitar o tiro ou abaixar.""";b;;
4913,ekkkkkkkkk muito bom https://t.co/QD4JXCUq9D;b;;
"9146,""Socorro, eu gosto tanto da Missandei, n„o quero que ela seja a traidora da Dany #GoTS7""";b;;
8690,@Hyurno Also sorry for mistaking the artist `;n;;
2633,@joaogalvarenga @aaninhaferreira vocÍs s„o lindos demais! ‚ù§Ô∏è;b;;
15583,queria deixar bem claro nesse site que: ‚ú® DESCRUSHEI ‚ú®;n;;
"16695,""Tu mega ansioso pro ano q vem, 18t„o, trampar, carteira de motorista, facul, eita coisa boa""";b;;
"22613,""00:00 ";n;;
"- que eu sonhe menos.""";n;;
1771,Enche a boca toda hora p falar do que tu sonha mas adia o objetivo por um beck de maconha;r;;
21706,My life is going nowhere;r;;
"14384,""E nessas horas que eu nem ligo pra dinheiro, pra eu me sentir inteiro, sÛ preciso de vocÍ, de vocÍÍÍ""";n;;
16713,esse vÌdeo da cleo pires com lanÁa na m„o eu jurava q era uma cilada pro gemid„o;n;;
"17196,""O povo do grupo da escola que eu fiz prim·rio e gin·sio tudo lembrando um do outro e eu n„o lembro de ninguÈm, È Alzheimer n„o È possÌvel""";n;;
13474,AAAAAAAAAAAAAAAAAAAAAAAAAAAAAA https://t.co/2AAM5jqUcs;n;;
9077,Eu estou sentada no sof· vendo esse episÛdio de novo sÛ esperando chegar cena pra poder gritar junto com todo mundo. √â agora.;b;;
2885,Que culto maravilhlso ainda mais com o @vocallivre;b;;
"6535,""Esse bonÈ da oakley È uma delicia, melhor que o da quilk, acho que vou comprar outra""";b;;
3741,Como eu amo fazer anivers·rio ‚ô•Ô∏è‚ô•Ô∏è‚ô•Ô∏è;b;;
"10781,""Alooo maae, gostou n„o gostou vai tomar no cu do msm jeito""";n;;
"14711,""o greg e o gabriel apostaram sobre qual personagem eu escolheria primeiro qdo jogac lol pela primeira vez";n;;
"ser· q algum deles apostou na ashe""";n;;
7501,Vai fiiii @fco_junior10 https://t.co/68BX7c25Ic;n;;
6660,parem de menosprezar a sansa eu vou matar vcs #GOTS7;b;;
9886,Fechando o domingo com mto amor e paz ‚ù§Ô∏è @EvertonPage;b;;
"19476,""fui responder hater da pabllo hj a tarde to recebendo notificaÁ„o atÈ agora. ";r;;
"nao sirvo pra ser talif„.""";n;;
22106,Mano vou ter um negÛcio qualquer dia desses;b;;
13985,Amei o reencontro dos irm„os Starks #GoTS7 #GameOfThrones;b;;
1109,@liapxc sentir um beijo seuuuuuuuuuuuuuuu;b;;
6188,@gabriel_trabach Mas eu apenas solicito educadamente que vocÍ nos permita dar aulas de nataÁ„o a crianÁas da rede p˙blica de 8 a 12 anos.;n;;
17419,ainda acho um absurdo nao ter navillera no spotify;r;;
19315,Minha m„e logo me trouxe bolo mlk;b;;
17927,Achei um batom roxo claro perdido na minha bolsa e eu n„o faÁo a menor ideia de quem È;n;;
"10478,""corta os homi no meio, arranca a cabeÁa...eu nem ligo. machuca um cavalo e eu choro. #GoTS7""";r;;
13256,E eu odeio sentir muito;n;;
21123,amanh„ que o inferno comeÁa de vdd tava mt bom a escola sem gente sÛ com as pessoa que eu gosto n„o disse em que sentido;r;;
13692,a celi tem umas paranÛia que eu fico doida cara kkkkk;r;;
9479,CHUUUUUPAAAA!!!!;r;;
"16975,""Falei isso pra ele, sÛ deu risada, vou entender isso como um: CLARO QUE SOU O PAI DOS SEUS FILHOS.""";n;;
11598,A culpa È sua por ter esse sorriso ou a culpa È minha por me apaixonar por ele?;b;;
22800,Rubens t· me estressando hoje;b;;
5548,Essa foto me representa https://t.co/0l5HDZZdNG;n;;
"13156,""ser· que a desembargadora tem a mesma doenÁa do filho borderline? """"n„o sabe o que faz""""?? #Fantastico""";r;;
14435,Minha m„e n„o me apoia nos meus negÛcios fiquei putasso;r;;
21024,segue o baile;n;;
15254,eu tava toda me tremendo;n;;
12474,anwt https://t.co/tR6MWv1VTN;n;;
4099,e do pessoal mesmo se conhecendo a poucos dias na quela hora parecia que j· eramos antigos amigos;b;;
21043,eu amo os meus chamados na igreja e como eu tenho sido abenÁoada por cada um deles.;b;;
19337,Preciso aprender a guardar dinheiro;b;;
4517,ja to chorando mds;n;;
567,esses rolÍs com as meninas tem td pra serem incrÌveis;b;;
6206,To sarrando em vc mentalmente;b;;
"5407,""@SeuPaulino, @tricovo pelo menos algo bom neste domingo. A 12a. de umas meninas que olha... https://t.co/57frTdfici""";b;;
22356,@GabiEstevess_ tu È meu amor mermo;b;;
"21770,""sensaÁ„o sen sacio nal ";b;;
FOGO NOS;n;;
"RACISTAS""";r;;
14206,Vazou mas fomos fiÈis!! https://t.co/A8w3iPCmUI;b;;
1569,#GameOfThrones https://t.co/NKhXtQHPHF;b;;
8291,Daavos &lt;n;;
8177,˙nica coisa que salvou meu dia! ‚ù§Ô∏è https://t.co/rQ7GXLliKw;n;;
8881,SÛ de pensar q amanh„ È segunda eu j· quero morrer;r;;
"11743,""UM BRINDE A CASA TARGARYEN SENDO VITORIOSA NA BATALHA. ";b;;
"#GoTS7 https://t.co/3qXr6GaP9T""";b;;
"15794,""Eu tava dormindo, sÛ acordei pra ver a hora""";n;;
338,!! https://t.co/ZMRmMZrdES;n;;
23235,N„o quero acabar linha sÈrie mas quero vÍ-la ao mesmo tempo como faz?;n;;
9449,AAAAAAAAAAAAAAAAAAAAAAAAAAAAAAAAAAAAAAAAAAAAAAAAAAAAAAAAAAAAAAAAAAAAAA;n;;
18839,O ˙ltimo a sair apaga a luz e fecha a porta.. buenas noches;n;;
7391,E a melhor notÌcia foi a volta do nosso profeta! Que jogador È esse @MoisesLima10. Entrou depois de 5 meses sem jogar e MANDOU no meio campo;b;;
22075,ainda aquele trucao;n;;
18032,que fim de semana ‚ù§‚ù§‚ù§;b;;
18105,meu irm„o t· passando mal;r;;
"9483,""Mano, o Paulo e a melhor pessoa kkkk ri p caralho cm ele hoje""";b;;
11995,EU T√î ME TREMENDO TODO! ME DEU AT√â CALOR COM TANTO FOGO QUE ESSE DRAG√ÉO SOLTOU #GameOfThrones;b;;
20934,Agora vou ter q ficar todos os dias atenta com o Silvio;n;;
21081,@dinahjane97 NOTICE ME .....;n;;
2110,bom que amanh„ n„o vou acordar t„o cedo;b;;
17694,???????;r;;
18967,TÙ no ch„o lembrando de umas histÛrias aqui com a AngÈlica HAHAHHAHAHA;b;;
17738,@bibserem @sevendade Mas j· somos casados;b;;
"9129,""parece piada mas eu ja esqueci, e nao foi sÛ 1 vez""";r;;
11973,ESSA SERIE √â A MELHOR SEM DUVIDA AAAAAAAAAAAAAAAAAAAAAAAAAA AAAAAAA #GameOfThones;b;;
18406,@crisciasantos2 Kkkkkkkk ih ala agr vc virou juÌza;b;;
19563,#depoisdojogo Pedro e Dudu https://t.co/KjpOGN88xF;b;;
2631,A vida do meu namorado e dormi gente mds;r;;
4914,Passar o fim de semana com o mozao e depois dormir sozinha È o fim;r;;
"8565,""estudos apontam q: se vc n„o faz o que vc n„o gosta q faÁam c vc, a vida te machuca menos""";b;;
17793,tenho que vir aqui pra falar minha opini„o pq no outro site o povo ja ataca;b;;
18003,@Well_Macario Vcs sÛ podem estar de brinka;r;;
19314,Percebemos https://t.co/JxPfp4lGvC;n;;
"20522,""Quem quiser jogar https://t.co/unsBa6a62z se cadastra e jogo l· vc recebe as pergunta no In Box do seu Facebook, È dahora mesmo.""";b;;
11908,SE O JAIME MORRESSE EU N RESPONDERIA PELOS MEUS ATOS #GotS7 #GameOfThrones;b;;
1191,tem ex que nois olha e da ate vontade de pedir desculpa pra nossa familia;n;;
1815,preciso comeÁar fazer meus resumos de histobucal;b;;
17058,como dar lance errado;n;;
7114,#RuedaNoFlamengo https://t.co/Q2j48LY3av;n;;
9013,AAAAAAAAAAAAAAAAAAAAAAAAAAAAAAAAAAAAA;r;;
"4968,""You're just everything to me! I'm very proud to be your fan @dinahjane97 Follow me and fulfill my dream, I beg you please. x3""";b;;
"14997,""Achei minha foto pivete com a camisa do Lula escrit """"Quero PT""""""";b;;
14792,@jorgenicola  https://t.co/7v7jhHHfUW;n;;
"13233,""#Spoilers Hoje teve dracarys, lanisters se ferrando, reencontro stark, chororo, crushs...nossa que episÛdio! #GoTS7""";b;;
1280,and i guess you know;b;;
4947,eu vou assistir girls in the house saudades rir com essa bosta;b;;
"10587,""Porra mano, n„o faz isso caralho #GoTS7""";r;;
17081,Vestibular nem È absurdo de caro nÈ?;r;;
22225,COMO NAO SE √â SEPARA√á√ÉO DE ONDE √â O TROV√ÉO QUE ANUNCIA QND A CHUVA VEM;b;;
19048,TÙ sem sono vÈi;n;;
23029,6. https://t.co/C3LXOHZK6E;n;;
11417,Mais 8 minutos podendo curtir a liberdade nas redes sociais;b;;
9160,@llysmSeokjin https://t.co/P2SVxzbPpr;n;;
3052,sÛ minha m„e q me ensina os valores d vida? e oq menos importa È beleza e sim car·cter/ personalidade?;b;;
"12515,""PUTAQUEOPARIU! Que episÛdio bom!!!GoT È a ˙nica sÈrie que, numa batalha, te faz torcer pra personagens dos dois lados.";b;;
"#GameOfThrones #GoTS7""";b;;
1630,queria q todo dia fosse igual hj;b;;
"10141,""@CasottiMateus foda";n;;
"isso da problema rapaiz""";r;;
"20307,"",boa noite amorea";b;;
#Repins ;n;;
#BetaQuerLmab;n;;
#Timbeta ! ;n;;
#seguequesigodevolta;n;;
"https://t.co/iJmJrpqHxK‚Ä¶ https://t.co/LGLjfbjjjv""";n;;
18704,Se os vÌdeos do meu snap n„o for vou ficar muito chateada real;r;;
23312,√â pedir muito? https://t.co/j9yZ2fiFnl;n;;
"6492,""You're just everything to me! I'm very proud to be your fan @dinahjane97 Follow me and fulfill my dream, I beg you please. x54""";b;;
3724,Mt triste https://t.co/ouM6KMwAZq;r;;
19370,eu cansei de ser ignorada;r;;
22388,O que o Rodrigo Hilbert faz de t„o especial que tanta gente fala dele?;b;;
10215,BRONN N√ÉO;r;;
12561,kkkkkkkkkk nossa sim https://t.co/JLdeEBKPE4;n;;
2287,boa noite;n;;
1473,eu falo q nao tenho dinheiro pras coisas comeÁam a me xingar enfia no cu porra;r;;
7994,essa mina È embaÁadaaaaaaaaaaaaaa;b;;
18074,To chorando;r;;
"14986,""@veramagalhaes depois de novo vexame diante do Bahia, a diretoria resolveu contratar reforÁos!! ComeÁar„o a treinar‚Ä¶ https://t.co/PgTIj6ETe7""";n;;
"10102,""o exÈrcito lannister TREMENDO de medo dos dothraki";b;;
"GRITO #GoTS7 https://t.co/KXDcoY2D1n""";b;;
15850,Verdade 70% https://t.co/PrjuxwFaFG;b;;
13032,https://t.co/JtcVdkSrIk;n;;
13746,tome vergonha;r;;
"6668,""You're just everything to me! I'm very proud to be your fan @dinahjane97 Follow me and fulfill my dream, I beg you please. x62""";b;;
19529,TÙ com sensaÁ„o q o mundo t· desmoronando;r;;
11763,Sobre o orgasmo: um dia eu terei;r;;
5046,Ah mam„e compra sim filha . https://t.co/SB5p9dOpyD;b;;
2042,silÍncio que a sÈrie do milÍnio vai comeÁar #GameOfThrones;b;;
"4771,""SÈrio, n„o preciso dessa preocupaÁ„ozinha agora.""";n;;
11678,#GoTS7 N√ÉO TENHO ESTRUTURA PRA ESSE EP.... MELHOR EPIS√ìDIO;b;;
"1683,""2018 eu vou viver com a yasmim , 8maravilha do mundo""";b;;
9323,Quebrei a extens„o do quarto;r;;
8437,@Coxicoxinha @WXSLXYwsx se emocionou amiga;n;;
6150,bori biuderrrr;n;;
10679,Escute o que diz a sua alma... leve a vida com um pouco mais de calma;b;;
4070,O ruim È est· fazendo uma prova e faltar pouco tempo para finaliza-la;r;;
"9261,""gente eu tÙ berrando com esses dothraki gritando desse jeito ";r;;
"#GoTS7""";b;;
"22346,""Se as pessoas tivessem noÁ„o do poder que as palavras tem, elas pensariam 10x antes de abrir a boca !""";b;;
"17743,""essa mulher È uma vaca ein, mds, ALGU√âM TIRA ELA DA S√âRIE""";r;;
17988,eu tÙ apaixonadÌssima https://t.co/IvH6amWhzU;b;;
14658,@pabllovittar @adelehugs Esqueceu eu tbm;r;;
18511,Saudades da minha melhor amiga;n;;
"7621,""You're just everything to me! I'm very proud to be your fan @dinahjane97 Follow me and fulfill my dream, I beg you please. x108""";b;;
8089,missandei t· mt suspeita #GotS7 #GameOfThrones;b;;
2386,eu acho muito chique os meus amigos da bÈlgica perguntando se vou voltar pra conhecer eles um dia;b;;
"3899,""Bran, bitch please, melhore";n;;
"#got #gameofthrones""";b;;
"8942,""-Vamooooo????";b;;
#NOME?;n;;
#NOME?;n;;
#NOME?;n;;
"KKKKKKKKKKK a gente @beatriz___reis_ https://t.co/1IZKT3VLoS""";b;;
2086,Luquinhas È engraÁado demais;b;;
6184,Eu tive irene https://t.co/NlDNarVhCg;b;;
6505,A vontade de se matar È grande...mas sempre tem aquele porÈm;r;;
"853,""@wanydarosa Assim que a p·gina oficial do evento divulgar, colocamos!""";n;;
10234,Antes que o ar j· ouve-se ele j· era deus !!!;b;;
"16412,""N„o contesto resultado, mas esse È duro de engolir.""";r;;
18933,n„o sei nem o que tÙ fazendo acordada;n;;
"14104,""Esse foi o primeiro ano que n„o comemoramos nosso anivers·rio de namoro com """"algo especial"""" e tals, mas passamos o dia com nossas amigas+""";b;;
16906,Rainha ‚ù§ que pisao #GOTS07E04  #GOT7 https://t.co/Ka1zuEySHt;b;;
21443,#IveteAvontade   eu n„o tenho maturidade https://t.co/hrKoIBPGhx;r;;
2465,@fhcfer coisa mais linda meu deus;b;;
"17830,""N„o tenho nada contra organizada, mas hj tivevo desprazer de """"conhecer"""" uns lixos q me fez pegar nojo de certas coisas""";r;;
"12952,""Que otimo hein";b;;
Por isso que tenho medo de dias em que as coisas d„o certo pra mim;r;;
"√â a calmaria antes da tempestade""";b;;
11591,53 minutos sÛ cuzao!!!!!11!!!!!;r;;
13650,@ktaemyluv https://t.co/1fOof7Ot6r;n;;
"17874,""Pela primeira vez da vida eu tÙ com vontade de fazer um ensaio de fotos minhas, cadÍ amigos""";b;;
22447,@JuliaLima97 @Brangtanzil @Hangulptbr @ArmyDiario @BangtanMozao @LoveYouJoonie em entrevistas dadas em outros paÌse‚Ä¶ https://t.co/mON47zUqTR;b;;
15627,Tudo passa menos a minha preguiÁa existencial;r;;
15772,@KallynaSabino Obaa!! Um mÍs apresentando est· EXCELENTE demais. Arrebenta e prometo tirar mais prints no perÌodo. #TMJ;b;;
"9628,""Se eu n„o tivesse conhecido o Marcelo eu ia t· perdida nesse mund„o, me iludindo com essas coisas moment√¢neas""";b;;
15781,Quem se ilude com grade de faculdade fala aÌ;b;;
15968,@idkandressa eu realmente espero q nao seja ele pq ia ser fodastico se fosse a missandei mesmo;b;;
3721,a cara chocada do mindinho #GameOfThrones;b;;
21708,N„o t· f·cil conviver com um celular com a tela rachada que clica sozinho nas coisas;r;;
19439,Ela È brasileira ela https://t.co/J8OkH0gUMr;b;;
13919,eu n queria ir pra escola amanh„;n;;
"8953,""√â chato pÙ, aceita a ignorada... https://t.co/1kZ6qIWmPl""";r;;
5649,agora eu posso comentar que o abraÁo entre Arya e bran foi bem melhor do que sansa e bran pq eles est„o destruindo meu bb?;n;;
15943,Vou voltar a dormir;n;;
7085,Mas tbm ninguÈm sentir· falta;n;;
9159,sair cm a bia È ter ctz q vc vai rir mt e passar vergonha;b;;
22942,aaaaaaaa;n;;
"15033,""ESSE EPIS√ìDIO PEGOU FOGO, se È que me entendem #GoTS7""";b;;
17106,bora de BF1 nÈ parÁa! √â guerra;n;;
22571,@babi_alonso7 Asasahuhu te amo muito meu amor;b;;
13523,Caralho!!!!! #GOT7;b;;
4892,nunca me importou onde isso vai darr;n;;
2242,vamos para mais uma tentativa de GOT;n;;
7362,@FeehMeendeS_ @Davidpetherson Xiu;n;;
9136,exercito dos lannisters 100% exercito romano #GameOfThrones;b;;
"13098,""Vou me escovar e dormir j·, feito""";n;;
8911,@5SOS PORRA PUTA QUR PARIU N POSSO NEN MAIS ESTUDAR CARAKHO;r;;
8092,It is so great babe and I deserve much good gym  but it is slowly my angel https://t.co/rAxrkLDXtR;b;;
16463,To louquÌssimo pra fazer cosplay de Ouke no Monshou e dizer q sou a Tutancaneide HAHAHAHAHAH socorro;b;;
17868,To chorando cm o texto e cm o vÌdeo que eu fiz pra thati;b;;
"3649,""@ifavoritekordei nem vcs se preocupam com suas idolas imagina nois nÈ amore, prova disso È o flop Down""";b;;
"12997,""bianca dominando o reply hoje, respondendo todo mundo, que acessÌvel ela""";b;;
9991,Eu vou mandar todo mundo tomar no cu amanh„;r;;
4042,ELA TE CARREGOU POR DIAS SEU ARROMBADO;r;;
5159,Arya e Sansa se abraÁando!!!!! Esse momento È meu #GOTs7 https://t.co/TwLgXVsIWU;b;;
22775,TambÈm acho... https://t.co/3u0b9fHCZC;b;;
19202,TÙ chegando o no nÌvel de n„o querer responder ninguÈm pra dar total atenÁ„o pra pessoa;b;;
8721,max eh literalmente meu mini amor da vida em forma de cachorrinho;b;;
20508,JORGINHO N√ÉO!  #RuedaNoFlamengo #VemRueda https://t.co/p65RqykBBy;r;;
7806,Ter nascido https://t.co/vAonL7QSCE;n;;
15001,Branconha #GoTs7;r;;
8723,voltei a trocar ideia com um mlk que eu pensei q n„o queria me ver nem pintada de ouroo;b;;
"19238,""Muito f·cil agora sair na mÌdia e falar que os jogadores do S„o Paulo s„o lentos, quando esteve l· n„o fez nada de diferente para mudar.""";n;;
17087,@louistpromises oi;n;;
"15812,""@wellblaster m„e,eu n vou responder vcs no grupo pq meu tt ta travando ta,soq eu n vou esquecer do assunto de quem eu puxei o olho verde+""";n;;
"14157,""fds passa muito r·pido, n me conformo""";n;;
11423,@carolmchl pode dar rt nos meus tweets heheheh;n;;
13148,Qq foi ela lutando c a Brienne????? Pftaa;n;;
"3324,""Queridx pq vc segue ele mesmo????";n;;
"Ta perseguindo minha familia agora tambem""";n;;
"11064,""Ainda n„o tinha visto o tuiter durante um.EP de GoT hahahahah, vcs s„o tudo uns retardados!""";b;;
15678,Boa noite a todos Ûtima semana amigos. https://t.co/GM70u26ZHn;b;;
623,Celso Roth https://t.co/qakjEzB9Jm;n;;
12557,@marinafvieira Kitristi;n;;
726,eduardo baptista https://t.co/FnEJpyx4ao;n;;
2883,@promiselenas sdv bb;n;;
21030,lagertha is the real queen bitchessss;n;;
15875,meu fechamento È vocÍ mozao @seraphgrace;n;;
4244,aÌ q xexelenta;r;;
5293,#trocadepasses ja ja o Ledio vai falar do Flamengo de Novo mesmo estar vendo outros jogos vai se ferrar;n;;
"18132,""dracarys n È o nome do drag„o";b;;
dracarys n È o nome do drag„o;b;;
dracarys n È o nome do drag„o;b;;
dracarys n È o nome do drag„o;b;;
dracarys n...;b;;
;n;;
"#GOT7""";b;;
13590,ALGU√âM PFVR;n;;
9873,MEUS DEUUUSSS #GoTS7;b;;
"10171,""a maioria dos dothraki s„o uns sap„o, adoro""";b;;
"14843,""Como eu queria q minhas 2.234 amoras falassem cmg, queria conhecer todas";n;;
;n;;
"~Fe""";n;;
6074,Uma famÌlia dessas bixo https://t.co/XpnB67eeG3;n;;
5004,Q experiÍncia estranha;n;;
15886,TÙ morta;r;;
19108,Silvio Santos kkkkkkkkkkkkkkkkkkkkkkkkkk;b;;
4236,que carÍncia do caralho;r;;
"16673,""Tomar um mim acher e correr o risco de tomar outro, quem vamos?""";n;;
1289,Nem curto funk mano https://t.co/jyHTYxoWG1;r;;
22216,Quando vai acabar GoT pra vocÍs pararem de encher o saco?;b;;
"9393,""Motorista doido, andando com as portas do buso aberta""";r;;
"9265,""@camitborges oi gatinha,sdds, vc È muitooo linda, muito animada, fofa, simpatica, merece tudo de bom na vida!!!!""";b;;
15114,A pior dor È a dor da perda;r;;
6470,@ohthaylla amiga vc ta inclusa nisso tb pq muita coisa pra te contar mulher;n;;
2838,Eu sei que vocÍ quer isso tanto quanto eu quero;n;;
"16612,""As melhores est„o por mim, certeza""";n;;
15558,È simm https://t.co/ucxp0mJAcV;n;;
12221,quase infartei assistindo esse episÛdio #GoTS7;b;;
"7451,""'A gente potencializa pequenos dramas - Abel Braga ";b;;
;n;;
"ForÁa guerreiro  #Fant·stico""";b;;
14138,Foi ou n„o foi um EP digno de Cinema?? #GoTS7;n;;
3647,Eu sei #askbelieber;n;;
16243,@raquelsalotte @beatriz_chama De bonÈ vermelho pra frente;n;;
2329,@gusrochaa Realmente um talento descoberto;b;;
15687,Vou mudar um pouco a atmosfera;n;;
11010,Quanto a Daenerys fala: Dracarys... atÈ arrepia! #GOTS7;b;;
14862,@Ciclops8 @SuFernandes68 @Chandra1Vinod @pantroymunra @7b7f43e61443497 @pabupabupbgv1 @aboalfog @mnoori2004‚Ä¶ https://t.co/ACpddtpGV4;n;;
15989,carente de atenÁ„o;n;;
"20947,""Queria conseguir conciliar estudar para escola, estudar para vestibular, estudar para o inglÍs, fazer atividade fÌsica, dormir dps do almoÁo""";n;;
11517,@blogdomontedo @alexbagereal o filho do empresario do luan uashushauhss;n;;
1385,@b_arb_ara AHAM OK OQ?;n;;
"19510,""quero muito que a minha irm„ v· estudar no Zulmira, e de preferÍncia na minha sala""";n;;
22414,Chega dia 26;n;;
2954,Eu terminei a primeira temporada de people of earth...eu quero a segunda j·;b;;
18382,ai tomara q eu exploda https://t.co/S0AVIKyhQv;n;;
"2674,""one don't pick up the phone, you know he's only calling cuz his drunk and alone""";n;;
1755,gostei KKKKKK #askbelieber https://t.co/KBNVYjJuOQ;b;;
8984,E eu tbm ... hahahaha https://t.co/82aYMrgBbr;b;;
5298,Gal tem raz„o https://t.co/ktzbF0tcmd;n;;
"19530,"".@Deus mto obrigado por + 1 FDS do caralho &lt";n;;
;n;;
"AmÈm 1007, amigos, augusta, paulista, askov, catuaba, Anira, Pabllo, Minaj, BeyoncÈ e crush ‚ù§""";b;;
19140,quem so eu apagando todos os meus tweets;b;;
8643,Eu sempre favorito as correntes q a Victoria me responde pra quando ela ser grossa cmg eu n ter vontade de dar na cara dela;n;;
6083,t„o bom ficar com nossos amigos nÈ? aquela energia gostosa de todo mundo de boa bebendo e se divertindo junto ‚ù§Ô∏è;b;;
11741,Deixa eu dormir antes que me de fome de novo;n;;
12041,sai s·bado e agora sÛ vou sair dnv em dezembro... mt que bom.... nunca desejei tanto o final do ano;b;;
"11313,""Partiu tomar decisıes erradas enquanto est· chateada e puta e depois se arrepender, e ainda estou ciente disso""";r;;
14797,ela disse q eu sou fuzil e adorou minha rajada;b;;
22203,Eu j· deveria estar dormindo;n;;
1213,@isismessquita eu vou em tudo quanto È role que tem;n;;
1543,eu no show da selena https://t.co/cpmd7u1LEg;b;;
8607,√â AGORA;n;;
19002,to na TPM brava qualquer coisinha eu to chorando;r;;
"10948,""@BiaArantes venha conhecer este paraÌso aq na minha city, pertim de sp. Frutas direto do pÈ, longe da tal civilizaÁ‚Ä¶ https://t.co/2lveRina4n""";b;;
15242,queria ir pra sala ver sÈrie mas tÙ com preguiÁa de levantar;n;;
"11775,""mdss o que eu n„o bebi ontem, eu bebi hoje kkkkkkkkk""";r;;
16517,Chegaram esteiras novas na academia e eu tÙ em d˙vida se vou correr l· ou no parque amanh„.;n;;
9730,aiaiaiai https://t.co/hPugk8rU4a;n;;
22826,e certeza que essa semana inteirinha ainda vai ser a mesma coisa;n;;
211,eu tÙ triste;r;;
17877,Eu disse q adoro shadowhunsters mas È a preguiÁa de assistir? Ata viu;b;;
"22365,""ESPERANDO O COMEBACK DO BLANC7 SIM bjdidndodkd e vcs?";b;;
;n;;
"~Fe""";n;;
17452,@fpfs22 - N„o vi isso na mh TL;n;;
14301,Esse momento abalou minhad estruturas. #IveteAvontade https://t.co/XUfDeC41xO;r;;
"778,""√â t„o bom quando vocÍ pode falar com a pessoa de boa, sem discuss„o, È t„o bom ver a pessoa feliz, atÈ pq eu vacilei pra caralho tbm""";b;;
16720,to nervosa mas vou demostrar q estou calminha;n;;
10687,N„o serei de ninguÈm;n;;
13722,vou da um tapa nas oreia desses mlk pra ve se acorda pra vida;r;;
21682,@JuliaLima97 @Brangtanzil @Hangulptbr @ArmyDiario @BangtanMozao @LoveYouJoonie SÛ quero show grande p que o fandom‚Ä¶ https://t.co/HmVS8N30Gi;b;;
"16272,""por mais que chegue a doer, algumas coisas dentro de nÛs precisam morrer""";r;;
7105,eu no role https://t.co/sQw1bh7f1z;n;;
12694,Amanh„ vou no centro com o franÁa;n;;
4163,t· sendo mt facada eu quero que saia de escorpi„o j·;n;;
"1370,""PORRA VAI COME√áAR BICHO, √â FOGO PRA TODO LADO #GOTS7 https://t.co/IQ12pjcocz""";b;;
16889,Vou dormir que amanh„ ainda trabalho aaaaaaaaaaa sÛ vem quarta-feira;n;;
6652,Caralho Jon. Pega a Rainha logo seu viado;b;;
21171,sÛ pq n„o dava p eu segurar o guarda chuva;n;;
105,https://t.co/4xWweA3Igz;n;;
"18141,""eu tento concertar as coisas e parece que ngm da valor, vai toma no cu""";r;;
17121,eu tenho que ver isso;n;;
"8492,""Eu tentando fazer liÁ„o de casa e meu vizinho tocando MarÌlia MendonÁa, Jesus que Ûdio""";n;;
1155,Os valores est„o t„o invertidos que eu nem sei oq È certo e oq È errado mais... a busca por uma verdade se transforma em loucura mais e mais;r;;
"15593,""Tudo que vocÍ pedir, tudo que vocÍ quiser de mimmm""";b;;
4284,fiz besteira com certeza;r;;
12331,Quando vocÍ acha que o ep got n„o vai conseguir superar o outro....... PAH PAP;b;;
"21809,""meus amigos tao se vingando de mim , n„o to nem acreditando que esse dia chegou""";r;;
10502,Sor Bronn vingativo msm;n;;
16182,Eu sÛ n„o quero ter recaÌda de novo;n;;
"22893,""@f_ryam @elson_menezes eu tambÈm! Mas cupuaÁu sozinho j· È mais incomum em SP, com pimenta ent„o, sÛ se eu for fazer :)""";b;;
3331,To bebendo desde a hr que acordei e n„o comi nd;r;;
17532,Eu olhando o Diego nanar https://t.co/Fog7tLBbz0;n;;
4804,Mas ... amei meu domingo com famÌlia;b;;
15523,https://t.co/RQoCPpY5BR;n;;
15355,Amo demais esse tempo ‚ù§Ô∏è;b;;
"23039,""""""T· chegando a hora"""".Essa m˙sica lembro-me muito bem a 9 anos atr·s, minha mae cantando qnd eu estava me despedindo de todos p vim morar aki""";b;;
12681,EU TO FELIZ PRA CRC;b;;
"22773,""Quando o casal que vocÍ shippa termina, mas vocÍ shippa o outro casal tambÈm pqp""";n;;
4772,Ela È linda ela  #askbelieber;b;;
"1675,""@kaizque @lucasfiguere_ @Ebrodare QUERO SABER QUANDO IREMOS NOS MONTAR, MANAS?! ‚ú®""";n;;
12988,cala boca;r;;
22004,Eu queria dar cano no serviÁo amanh„ pela friaca da porra;r;;
"11722,""Porra HBO vocÍs me devem 10 min desse episÛdio, pq acabou mais cedo? :(""";r;;
16628,Acabou de perder o cabaÁo e j· t· se achando a rainha da foda;r;;
21820,Cara eu queria ter v·rias comida pra eu comer na madrugada;n;;
"22296,""Falei com a Capitu pelo FaceTime e eu nunca vi ela t„o desesperada, ela ficava miando o tempo todo""";n;;
21976,2. na verdade eu sou o lixo que aparece l· tr·s https://t.co/WKcxB2yyRs;n;;
19855,se a @ colaborasse eu iria;n;;
14494,@peeeehz Aqui em casa nem precisa de telefone tem 2 orelh„o;n;;
16518,@pabllovittar Aaaaaaaaaaaaa;n;;
12492,tÙ morta zz;r;;
14027,eu sempre odiei o jaime ate ele conhecer a brienne e depois voltou a ser otario;r;;
"10325,""Se vocÍ desistiu, Deus n„o vai desistir, ele est· aqui pra te levantar se o mundo te fizer cair""";b;;
2805,È sÈrio eu quero como compra? https://t.co/XThbqIzS4v;b;;
9494,@Petelekoh_ coragemmmmm;n;;
"6495,""Estava indo embora quando vi essa notÌcia, mas ele sÛ deu feliz niver pra ela :( mas ainda se gostam ent„o voltem l‚Ä¶ https://t.co/X1VJw0VETm""";n;;
743,@CafeFilosofico_ nem no culto foi hj?;n;;
6280,@MilFlows @siegvoer caralho pai;n;;
"5790,""You're just everything to me! I'm very proud to be your fan @dinahjane97 Follow me and fulfill my dream, I beg you please. x29""";b;;
3165,To bolado e puto com algumas atitudes aÌ... #chateado;r;;
"19505,""If i knew it would be like this - if I WANTED it to be like this";n;;
;n;;
"Why does it still hurts?""";r;;
"18055,""Minha m„e fez bolo de cenoura com cobertura de chocolate, mais eu comi tanta batata q eu to cheia e sem vontade de comer bolo""";n;;
"22888,""Que beijo gostoso, sua malvada""";b;;
19341,Lisca doido eh o cara pra assumir os gal·ticos da G·vea e dar a 10 e a faixa de capita ao M.A10 da massa https://t.co/QjKy5z5vku;b;;
13358,KKKKKKKKKKKKKK https://t.co/UrEBYaMLJL;b;;
"19103,""arroz: do canto, de baixo pra cima.""";b;;
1071,‚ù§Ô∏è https://t.co/NR9TzOFcuH;n;;
5543,@imprZo obrigada fofinho &lt;n;;
"1225,""tÙ chateada, queria fazer algo diferente no meu cabelo""";r;;
"7217,""Acabou minha crise existÍncia do """"eu quero namorar"""" e agr bateu a do """"eu quero ficar rica""""""";b;;
18405,@minhoclara pesadooooooooooooo;n;;
"3962,""SÛ quero que chegue logo dia 27, tÙ ficando ansiosa kkk""";b;;
"18612,""Chocada estou com esse episÛdio. Eu tava berrando, socorro!""";b;;
"13225,""tem hora que a gente cansa, nÈ? por mim, eu estaria fazendo tudo diferente agora mas sabe quando vocÍ percebe que sÛ vocÍ faria aquilo?""";r;;
18599,Hail Daenerys Targaryen #GoTS7;b;;
"2076,""Ain scr, genti que nene, vou colar esse video na testa";b;;
"@mochiyoongie https://t.co/ZkDA8UzoO4""";n;;
17360,ele È o amigo mais 11/10 q eu j· tive;b;;
6249,Aaaaa n quero ir p Campo Largo;b;;
"575,""Eu fico mt chata quando tÙ com sono, meu pai comeu minha bolinha de queijo e eu tÙ me segurando pra n„o chorar""";n;;
21488,Cancela essa segunda-feira plmdds;n;;
10846,QUE BIZARRO;r;;
"18354,""@limatss @XadrezVerbal 9- o exemplo 3 repete o problema do exemplo um ao n„o entender como processos de educaÁ„o funcionam, mesmo os formais""";n;;
12883,@PedrooAlbino Tem que sarar;n;;
12803,to saturada de certas coisas hj aaaa;r;;
11991,Eu tÙ aaaaaaaaaaa;b;;
8856,Amanh„ comeÁa tudo de novo..;b;;
"15881,""ele me lembra muito o bambam, ainda mais com o cabelo prata/branco aaaaa https://t.co/fMzsc8HtMR""";n;;
5914,eu tenho tanta coisa essa semana;n;;
10741,tomara que eu explodaaaaaaaa;r;;
14082,segundo capÌtulo d amor alÈm dos tempos: a m˙mia ensina o jovem a se alimentar de acordo com seus costumes e ele ac‚Ä¶ https://t.co/DYFo8jKzs9;n;;
8039,boa noite pra quem t· com creme na cara essa hora https://t.co/KzFKugfazZ;n;;
2207,vou assistir de novo esse episÛdio de got pq ele foi muito bom;b;;
8220,Estou feliz por vocÍ  #askbelieber;b;;
89,Mais ou menos eu???? https://t.co/9etvq2eIoI;n;;
5163,Esse Bran È muito esquisito #GameOfThrones;b;;
2060,Do que adianta vocÍ ter 20 e tantos mas continuar agindo como se tivesse 12?;n;;
7585,Me d· outra chance?  #askbelieber;n;;
13009,ARYA EU TE AMO MULHER PQP QUE PERSONAGEM #GoTS7;b;;
21006,Queria tanto voltar morar em Aruj· vei tanto tanto;b;;
"3571,""@vitinhosep_ @__FeMiguel Confesso que gostei muito, porÈm continuo preferindo prog kkk""";b;;
17683,SÛ Deus e minhas amigas sabe o tanto que eu fiz pra chegar atÈ aqui;b;;
15879,vai tomar no cu;r;;
"3229,""@sweetaleluia oi amore, sua dm t· fechada, ent„o tem como me chamar?""";n;;
8002,√î @Palmeiras renova logo com o Prass e para de patifaria.;b;;
8304,Para de ficar jogando indiretinha pra Missandei;b;;
4322,1 sonho https://t.co/vPwFnrBToH;n;;
8318,JON E THEON GENTEEEEEEEEEEEE LA VAMOS NOS;b;;
13834,SEM PREVIS√ÉO DE DESLIGAR O CAPS #GOTS7;b;;
9036,Dilsinho-RefÈm;n;;
"939,""A conquista sÛ deve ser congratulada quando todo esforÁo extremado chega ao fim, sem fadiga da inveja alheia e sensaÁ„o de dever cumprido.""";b;;
3715,Toda vez que ouÁo Wild World me transporto automaticamente para o ˙ltimo episÛdio da 1¬™ temporada de Skins;b;;
15187,@medradoo22 @silvairiis TO CHORANDO;n;;
"16804,""a inseguranÁa vem em todos os setores, n„o posso deixar isso continuar""";r;;
10615,Eu n„o quero tomar cuidado com as coisas que eu falo;n;;
16411,should i will ask my granma if she can give me the money to meet adore and my mom pays her after?;n;;
6347,@leticiasdn21 antes recebia;n;;
21665,Acho que o bolo uÈ fiz hoje foi o melhor que j· fiz!!! Juro por Deus;b;;
3722,Apoiado!! √ìtima participaÁ„o de @RGottino no @mesaredonda com os mestres @flaviopradojpgz @wanderleyjp;n;;
"20739,""""""eu queria mergulhar numa panela de feijoada"""" """"eu queria ser o porco da feijoada"""" """"..."""" """"pra estar MORTO""""""";n;;
6227,Chegou a louca dos textao;n;;
18682,meu domingo tava bom atÈ agr kk toma no cu;r;;
20509,@Sandman998 Valeu!;n;;
2445,PERGUNTEI O TIME DA SIRI E MANO KKKKKKKKKKKKKKKKKKKKKKKKKKKKKKKKKKKKKKKKKKK;b;;
"17766,""SÛ te digo uma coisa: Eu percebo tudo. De sonsa sÛ tenho a cada, cuidado.""";n;;
19004,Essa m˙sica eh foda ...;b;;
15809,Poucas pessoas sabem mas eu tenho o maior trapezio de Curitiba e eu nem moro em Curitiba;n;;
"6205,""You're just everything to me! I'm very proud to be your fan @dinahjane97 Follow me and fulfill my dream, I beg you please. x45""";n;;
"1772,""@leopercio_ Kkkkkkk mano, leo, esse menino faz muito cu doce""";n;;
11821,eu sou mt burra msm;n;;
7600,TÙ muito irritada;r;;
1181,aaaaa que amor https://t.co/naSI4346Ry;b;;
6238,inocente rsrsrs;n;;
4383,Eu ouÁo a morte me chamar com um sorriso no rosto e o ·lcool na mente;n;;
"9646,""SÛ vou amanha p aula pq quero ver as meninas, pq queria estar na thathay""";n;;
11615,Esse foi mais um episÛdio de: sendo idiota com Jaime Lannister amiguinhos. AtÈ a prÛxima!;n;;
3210,olha os meus filhos :((( https://t.co/20uJMqKPRf;b;;
"16923,""AÌ, quem me viu na save ontem mentiu, eu n„o fui! ‚úå""";n;;
8770,@RihannaStylish e ele chegou l· desacreditado... ele seria ingrato. E l· ele tem o time na m„o. O que n„o teria no Flamengo.;b;;
"15647,""Mano tÙ querendo ir p um role, mas aquele role que quando cÍ chega em casa ce sÛ agradece por ter chego vivo""";n;;
1218,Antissocial sempre;r;;
8265,@GPedroso9 ta tendo ainda? Meu vizinho aqui da frente ta cm som ligado essas hrs to poko puto;n;;
"16994,""Quem È que entra num jogo ";n;;
para perder? ;n;;
Um jogo em que N√ÉO VAI TER CHANCES IGUAIS! ;n;;
E √â sabotado continuamente por Embucetado &amp;n;;
22389,V·rios rs;n;;
12757,medo de qnd eu terminar o ensino mÈdio eu ficar acomodada com a falta de estresse escolar e largar td;n;;
8666,VCS ESTAO PREPARADOS CRIAN√áAS???;n;;
"8171,""Acabei de presenciar um acidente aqui na minha cidade, um homem de moto estava indo trabalhar foi atingido por um carro... que estava errado""";r;;
21441,eu sou engraÁada pq eu mesma estrago meu dia com as merdas q eu penso kkkkkkkkkkkkkkkkkkkkkkkkk;n;;
13685,Bruno È muito o amor da minha vida;b;;
11184,Hj eu consegui superar o nÌvel em ser vagabundo;n;;
"18353,""@Luehna_ @_JoaoVictorCS Algo feminista! Mas sim, È zuado usar o nome dela em uma festa PAGA de uma universidade bra‚Ä¶ https://t.co/2PjHxQcx2l""";r;;
"22393,""Eu n„o estou feliz tendo que disfarÁar, n„o!""";r;;
23166,alias desculpa @XadrezVerbal por ter esquecido de desmarcar nos coment·rios do tweet;n;;
7702,@victornery_ ‚ù§Ô∏è‚ù§Ô∏è‚ù§Ô∏è‚ù§Ô∏è‚ù§Ô∏è‚ù§Ô∏è‚ù§Ô∏è parabÈns!!!!;n;;
"18049,""as nctzens s„o t„o abenÁoadas, nct  sÛ tem 1 ano de existÍncia mas j· tem tanto conte˙do musical""";b;;
12142,Dany ou Midori https://t.co/OrYwJvN8f6;n;;
10173,BERROOOOOOOOOOOOO;n;;
4263,IHHHHH J√Å TEMOS OS PR√ìXIMOS ALVOS DA NEEDLE;n;;
"6680,""Este È o preconceito camuflado existente num paÌs chamado """" BRASIL  """". https://t.co/UV4K0TPDnm""";r;;
"1062,""06. Alcione """"Minha estranha loucura"""" #N„oErreALetra #ProgramaSilvioSantos""";r;;
8243,Kkkkkkkkkkkkkkkkkkkkkk melhor definiÁ„o https://t.co/qGqrdb3mzm;b;;
11940,Sensacional #GOT7 #GamesOfThrones;b;;
5043,Que Back;n;;
3428,meu deus eu to toda arrepiada c essas musica;b;;
1799,vadia louca depravada te quero na cama na rua no carro na escada;n;;
16007,esse vÌdeo me trouxe paz https://t.co/NcEDnoCMFj;b;;
5831,EU SOUUUU SINCERA MEUS FILHOOOOOS;n;;
18157,AAAAAA QUEIMA QUENGARAL https://t.co/gLg7ttv3cD;n;;
12509,eu tÙ nesse mundo p venerar van mccann;b;;
"4636,""Excuse the bitchin'";b;;
I shouldn't complain;n;;
I should have no feeling;n;;
"'Cause feeling is pain""";r;;
"12592,""Desculpa gente, mas j· deu do jaime, era pra ele ter morrido ahaha vai logo demonio""";b;;
3506,Quero deitar mas tenho Q esperar minha unha secar;n;;
4348,aaaAAAaaaaaaA;n;;
12784,Administrador;n;;
2706,essa sim zerou https://t.co/ds7jT1F9Ye;n;;
2694,Ser· que dessa vez da certo ?;n;;
12528,lalalala;n;;
14438,Eu tenho mestrado em passar vergonha;n;;
"4121,""Errei,falhei....  mais se quer mesmo um recomeÁo!, eu vou colocaram tudo na mesa, sinto muito, mais eu falei a verdade pra um recomeÁo limpo""";b;;
21263,Mano mto eu https://t.co/wCVPYsC4D9;n;;
"21103,""@moraes_lau olha o luis na sua capa, que lindo kkkkkkkkkkkk""";b;;
4910,O Falc„o n„o podia ir para o LÌrios no dia que eu vou;n;;
18125,gastei o dinheiro com lanche e esqueci q tinha q comprar minha tinta amanh„;n;;
5663,te amo demais ser humano mais fofo da face da terra da bochechinhas de fof„o sÛ que na vers„o fofa e do amor da min‚Ä¶ https://t.co/8E7DyJVlh4;b;;
16921,Tem um @ q sÛ vive reclamando em todos os ep de got na tml n„o sei nem pq ainda vÍ;b;;
20160,To bebendo tanta ·gua pq ser· ne kkkkk;n;;
12827,droga de 140 caracteres;n;;
"9478,""""""DRACARYS""""";n;;
;n;;
"#GameOfThrones""";b;;
13480,ow se a banda Banda djavu coloca uns skril no meio das musicas vira trap;n;;
20882,hj na Toyshow tocou TANTO a m˙sica da Ladybug que tÙ com ela na cabeÁa atÈ agora. E eu tÙ chocada que o nome dela È MARINETEkKkkKK;b;;
"15117,""sÛ queria viajar pelo mundo todo";b;;
;n;;
"canal off me contrata""";b;;
12252,N„o estou sabendo lidar #GameOfThrones;b;;
7365,dizer que t· bem na merda deve ser o jeito brasileiro que arrumaram pra bobo bater no peito;n;;
"9967,""""""to com mo fedo de difunto mas ta mo frio"""" OALNDJAKKDNANKXKANZJKAKDBJA""";n;;
19333,Se alguÈm me d· uns carinho agr capaz de eu ama ela p sempre pq eu eu tÙ mto perdida;b;;
17250,quem gritou dracarys quando jaime foi em direÁ„o a daenerys poe o dedo aqui;b;;
15395,Que azar;n;;
"13258,""@juuhprata tendi, faz sentido""";n;;
19148,Agora vou dormir porque amanh„ tenho curso cedinho;n;;
11608,Meu namorado ja perguntando o dia do meu ead sendo que nem sei minha sala ainda kkk;n;;
13510,J· pode pular pra sexta j·;b;;
"4793,""legal, amanh„  tenho consulta mÈdica e n„o lembro o hor·rio. ";b;;
"sou obrigada a ligar para sabe amanh„ cedo.""";n;;
6532,GENT EEU TO CHORANDO COM ESSA REUNIAO DOS DOIS;b;;
5460,Quando eu penso que acertei p· se fodeu de novo loirinha;r;;
17397,Eu tirando foto https://t.co/mQi0jNXAx1;n;;
3950,https://t.co/UBqPAohjmQ;n;;
"16976,""Tinha uma mina na igreja hoje me encarando horrores, no encontro a mina atÈ virou o pescoÁo, vemos que meu cabelo est· chamativo KKKKKKKKKKK""";b;;
3989,- Queria um dia ir nessa nitro point de que vcs tanto fala..;b;;
"8981,""You're just everything to me! I'm very proud to be your fan @dinahjane97 Follow me and fulfill my dream, I beg you please. x162""";b;;
14056,Triste por bosta https://t.co/PKcAnytSoO;n;;
"4358,""AÌ a pessoa leva sua touca embora e vocÍ sem nenhuma, LEGAU""";n;;
4632,heaven knows È literalmente o meu hino da hillsong;b;;
4503,n tenho mais fÌgado pros fins de semanas;n;;
"20665,""cheguei, que noite abenÁoada ‚ù§""";b;;
1032,n„o acredito que entraram no meu twitter;n;;
12168,PQP de episÛdio!!!!  #GoTS7;b;;
2416,Vc vai se foder na PO de amanha?;r;;
6500,JON √â UM HOMAO DA PORRA #GoTS7;b;;
19285,@ultimatebara esse cachorro sorrindo vai memadr pesadelos nem te mandei pelo whats sÛ pra n ter q salvar isso no ce‚Ä¶ https://t.co/B5JmZk75yB;n;;
5782,Se tudo der certo;n;;
"6696,""@thiagobrenneck Recebia, e me sentia a pessoa mais feliz do mundo""";b;;
2700,https://t.co/MapxqGOm5y;n;;
17502,Seja exemplo antes de querer dar liÁ„o de moral!;n;;
"11098,""@anjinhachan num acho q eles v„o voltar a jogar profissional";n;;
"v„o?""";n;;
4780,AAAAAAAAAAAAAAAAAAAAW;n;;
14740,Brannconha;n;;
"11052,""@rpolonesa """"Nicole, me explica por favor"""" kkkkkkkkkkk""";n;;
13011,Qm nunca https://t.co/pQ7lDBAGph;n;;
10712,‚≠êÔ∏è https://t.co/7r8d3edJ5u;n;;
20636,@melissadonadon witch È melhor;b;;
2241,Finalmente ne;n;;
9277,que frio do capeta;r;;
"12818,""@gladruan @husotario atendimento e administraÁ„o l· da rocket È bem desorganizado, alÈm da menina do atendimento ter o demonio no corpo""";r;;
18757,oi kkkkkk https://t.co/qrs0jyUdVu;n;;
16640,J· fui tombada por GOT agora irei ser tombada por CB. Eu gosto de sofrer mesmo;b;;
22327,@larisoaares_ Vamos ver atÈ onde eu vou;n;;
380,EU N AGUENTO MAIS ESPIRRAR;r;;
"11405,""""""Um brinde ao inesperado e as diversas formas de seguir em frente!!!"""" ";b;;
;n;;
"#BoaNoite""";n;;
16101,as perna parou de bambear agora;n;;
22922,Scrrr meu pÈ t· dando caimbra aaaaa;n;;
1959,aqui em sp ja to conhecida como gÛtica em tds os lugares que frequento;n;;
2494,Quando vamos casar? #askbelieber;b;;
780,Kkkkkkkkkkkkkkkkk;n;;
7457,IMPOSSIVEL acessar a rede social Instagram stories em dia de vocÍ-sabe-o-que;b;;
23257,Pqp melhor convite ‚ù§Ô∏è‚ù§Ô∏è;b;;
"10950,""Mano amanh„ tenho q ir p escola seloco ainda bem q vou de carro, que sortee""";r;;
66,OMG I LOVE @ladygaga song Bloody Mary thanks Gaga for bring back this music for the #JoanneTour https://t.co/annfcrmG3p;b;;
4338,Another day 6;n;;
13016,mais q provado q È a sÈrie do milÍnio aceita ou surta #gots7 https://t.co/mflZEaKJr1;b;;
17725,MINHAS M√ÉES https://t.co/r7jW41Brhk;b;;
"19586,""@akatheshining so nao fizeram pq a eureka teve que sair antes, ctza q teria kkk""";n;;
7805,se deixar eu como fini toda hora;b;;
23277,@goeslaris Gostei de vc mesmo;b;;
3004,pior que o bgl È t„o bom que cÍ n consegue sair daquilo;b;;
"23198,""Esse final de semana passou voando, nossa""";b;;
20351,@Heeymew fiquei assim;n;;
15429,black roses in my garden;b;;
14006,Esse ep teve 2min ou foi impress„o msmo? #got;b;;
9863,Nasci pra ver Dane lokona nos drag„o;b;;
6530,Vamo pras foda angora;n;;
5303,*awkward*;n;;
5214,tÙ jogado kk;n;;
"12541,""Cheguei no condomÌnio e logo dei de cara com a guria q a mana brigou, a bichinha ficou me encarando com o namorado dela kkk sai loca""";n;;
6791,cheguei agr;n;;
6554,Queria chocolate;n;;
"1125,""@edu4ever pergunta pra tua m„e, retardado do caralho.""";r;;
5510,Que dor no meu ˙tero;r;;
6357,Olha aÌ Michele.. Quando achavam que √± podia piorar.. #mesaredonda https://t.co/skCmEnN0Dg;n;;
16501,melhorar sempre melhorar sempre melhorar sempre melhorar sempre melhorar sempre melhorar sempre melhorar sempre melhorar sempre melhorar sem;b;;
"17352,""Mas È nÈ, tava tudo dando certo d+ e oq È bom dura pouco""";b;;
11531,@anjinhachan profissional profissional jogando 18h por dia???????;b;;
22739,acabei de lavar o cabelo e agora que fui secar.. cadÍ o bang do secador?;n;;
16840,Boa https://t.co/0x1QM6c7w7;b;;
14072,Procura-se https://t.co/uoOLErT0z2;n;;
"19659,""n„o assistam Dunkirk, È uma bosta""";n;;
11156,@pequenolusca 24 anos d· ainda po;b;;
8458,Boa noite essa È minha amiga @marinamontejano e ela est· absurdamente estupenda nessa foto e eu vou colar ela na mi‚Ä¶ https://t.co/5yFMgUjYrf;b;;
15625,Sdds de te d· uns bj;b;;
18575,@BTS_twt Se esse n„o for do Jungkook eu n„o seu de mais nada https://t.co/Pu31FLUV3d;n;;
11305,e tÙ com muita vontade de ir pro hopi;b;;
8511,Complicado quando vc descobre que era tudo falsidade;n;;
;;;
;;;
;;;
;;;
;;;
;;;
;;;
;;;
;;;
;;;
;;;
;;;
;;;
;;;
;;;
;;;
;;;
;;;
;;;
;;;
;;;
;;;
;;;
;;;
;;;
;;;
;;;
;;;
;;;
;;;
;;;
;;;
;;;
;;;
;;;
;;;
;;;
;;;
;;;
;;;
;;;
;;;
;;;
;;;
;;;
;;;
;;;
;;;
;;;
;;;
;;;
;;;
;;;
;;;
;;;
;;;
;;;
;;;
;;;
;;;
;;;
;;;
;;;
;;;
;;;
;;;
;;;
;;;
;;;
;;;
;;;
;;;
;;;
;;;
;;;
;;;
;;;
;;;
;;;
;;;
;;;
;;;
;;;
;;;
;;;
;;;
;;;
;;;
;;;
;;;
;;;
;;;
;;;
;;;
;;;
;;;
;;;
;;;
;;;
;;;
;;;
;;;
;;;
;;;
;;;
;;;
;;;
;;;
;;;
;;;
;;;
;;;
;;;
;;;
;;;
;;;
;;;
;;;
;;;
;;;
;;;
;;;
;;;
;;;
;;;
;;;
;;;
;;;
;;;
;;;
;;;
;;;
;;;
;;;
;;;
;;;
;;;
;;;
;;;
;;;
;;;
;;;
;;;
;;;
;;;
;&gt; https://t.co/mH3MATrt7j;
;;;
;;;
;;;
;;;
;;;
;;;
;;;
;;;
;;;
;;;
;;;
;;;
;;;
;;;
;;;
;;;
;;;
;;;
;;;
;;;
;;;
;;;
;;;
;;;
;;;
;;;
;;;
;;;
;;;
;;;
;;;
;;;
;;;
;;;
;;;
;;;
;;;
;;;
;;;
;;;
;;;
;;;
;;;
;;;
;;;
;;;
;;;
;;;
;;;
;;;
;;;
;;;
;;;
;;;
;;;
;;;
;;;
;;;
;;;
;;;
;;;
;;;
;;;
;;;
;;;
;;;
;;;
;;;
;;;
;;;
;;;
;;;
;;;
;;;
;;;
;;;
;;;
;;;
;;;
;;;
;;;
;;;
;;;
;;;
;;;
;;;
;;;
;;;
;;;
;;;
;;;
;;;
;;;
;;;
;;;
;;;
;;;
;;;
;;;
;;;
;;;
;;;
;;;
;;;
;;;
;;;
;;;
;;;
;;;
;;;
;;;
;;;
;;;
;;;
;;;
;;;
;;;
;;;
;;;
;;;
;;;
;;;
;;;
;;;
;;;
;;;
;;;
;;;
;;;
;;;
;;;
;;;
;;;
;;;
;;;
;;;
;;;
;;;
;;;
;;;
;;;
;;;
;;;
;;;
;;;
;;;
;;;
;;;
;;;
;;;
;;;
;;;
;;;
;;;
;;;
;;;
;;;
;;;
;;;
;;;
;;;
;;;
;;;
;;;
;;;
;;;
;;;
;;;
;;;
;;;
;;;
;;;
;;;
;;;
;;;
;;;
;;;
;;;
;;;
;;;
;;;
;;;
;;;
;;;
;;;
;;;
;;;
;;;
;;;
;;;
;;;
;;;
;;;
;;;
;;;
;;;
;;;
;;;
;;;
;;;
;;;
;;;
;;;
;;;
;;;
;;;
;;;
;;;
;;;
;;;
;;;
;;;
;;;
;;;
;;;
;;;
;;;
;;;
;;;
;;;
;;;
;;;
;;;
;;;
;;;
;;;
;;;
;;;
;;;
;;;
;;;
;;;
;;;
;;;
;;;
;;;
;;;
;;;
;;;
;;;
;;;
;;;
;;;
;;;
;;;
;;;
;;;
;;;
;;;
;;;
;;;
;;;
;;;
;;;
;;;
;;;
;;;
;;;
;;;
;;;
;;;
;;;
;;;
;;;
;;;
;;;
;;;
;;;
;;;
;;;
;;;
;;;
;;;
;;;
;;;
;;;
;;;
;;;
;;;
;;;
;;;
;;;
;;;
;;;
;;;
;;;
;;;
;;;
;;;
;;;
;;;
;;;
;;;
;;;
;;;
;;;
;;;
;;;
;;;
;;;
;;;
;;;
;;;
;;;
;;;
;;;
;;;
;;;
;;;
;;;
;;;
;;;
;;;
;;;
;;;
;;;
;;;
;;;
;;;
;;;
;;;
;;;
;;;
;;;
;;;
;;;
;;;
;;;
;;;
;;;
;;;
;;;
;;;
;;;
;;;
;;;
;;;
;;;
;;;
;;;
;;;
;;;
;;;
;;;
;;;
;;;
;;;
;;;
;;;
;;;
;;;
;;;
;;;
;;;
;;;
;;;
;;;
;;;
;;;
;;;
;;;
;;;
;;;
;;;
;;;
;;;
;;;
;;;
;;;
;;;
;;;
;;;
;;;
;;;
;;;
;;;
;;;
;;;
;;;
;;;
;;;
;;;
;;;
;;;
;;;
;;;
;;;
;;;
;;;
;;;
;;;
;;;
;;;
;;;
;;;
;;;
;;;
;;;
;;;
;;;
;;;
;;;
;;;
;;;
;;;
;;;
;;;
;;;
;;;
;;;
;;;
;;;
;;;
;;;
;;;
;;;
;;;
;;;
;;;
;;;
;;;
;;;
;;;
;;;
;;;
;;;
;;;
;;;
;;;
;;;
;;;
;;;
;;;
;;;
;;;
;;;
;;;
;;;
;;;
;;;
;;;
;;;
;;;
;;;
;;;
;;;
;;;
;;;
;;;
;;;
;;;
;;;
;;;
;;;
;;;
;;;
;;;
;;;
;;;
;;;
;;;
;;;
;;;
;;;
;;;
;;;
;;;
;;;
;;;
;;;
;;;
;;;
;;;
;;;
;;;
;;;
;;;
;;;
;;;
;;;
;;;
;;;
;;;
;;;
;;;
;;;
;;;
;;;
;;;
;;;
;;;
;;;
;;;
;;;
;;;
;;;
;;;
;;;
;;;
;;;
;;;
;;;
;;;
;;;
;;;
;;;
;;;
;;;
;;;
;;;
;;;
;;;
;;;
;;;
;;;
;;;
;;;
;;;
;;;
;;;
;;;
;;;
;;;
;;;
;;;
;;;
;;;
;;;
;;;
;;;
;;;
;;;
;;;
;;;
;;;
;;;
;;;
;;;
;;;
;;;
;;;
;;;
;;;
;;;
;;;
;;;
;;;
;;;
;;;
;;;
;;;
;;;
;;;
;;;
;;;
;;;
;;;
;;;
;;;
;;;
;;;
;;;
;;;
;;;
;;;
;;;
;;;
;;;
;;;
;;;
;;;
;;;
;;;
;;;
;;;
;;;
;;;
;;;
;;;
;;;
;;;
;;;
;;;
;;;
;;;
;;;
;;;
;;;
;;;
; https://t.co/tAl9aZHGIl;;
;;;
;;;
;;;
;;;
;;;
;;;
;;;
;;;
;;;
;;;
;;;
;;;
;;;
;;;
;;;
;;;
;;;
;;;
;;;
;;;
;;;
;;;
;;;
;;;
;;;
;;;
;;;
;;;
;;;
;;;
;;;
;;;
;;;
;;;
;;;
;;;
;;;
;;;
;;;
;;;
;;;
;;;
;;;
;;;
;;;
;;;
;;;
;;;
;;;
;;;
;;;
;;;
;;;
;;;
;;;
;;;
;;;
;;;
;;;
;;;
;;;
;;;
;;;
;;;
;;;
;;;
;;;
;;;
;;;
;;;
;;;
;;;
;;;
;;;
;;;
;;;
;;;
;;;
;;;
;;;
;;;
;;;
;;;
;;;
;;;
;;;
;;;
;;;
;;;
;;;
;;;
;;;
;;;
;;;
;;;
;;;
;;;
;;;
;;;
;;;
;;;
;;;
;;;
;;;
;;;
;;;
;;;
;;;
;;;
;;;
;;;
;;;
;;;
;;;
;;;
;;;
;;;
;;;
;;;
;;;
;;;
;;;
;;;
;;;
;;;
;;;
;;;
;;;
;;;
;;;
;;;
;;;
;;;
;;;
;;;
;;;
;;;
;;;
;;;
;;;
;;;
;;;
;;;
;;;
;;;
;;;
;;;
;;;
;;;
;;;
;;;
;;;
;;;
;;;
;;;
;;;
;;;
;;;
;;;
;;;
;;;
;;;
;;;
;;;
;;;
;;;
;;;
;;;
;;;
;;;
;;;
;;;
;;;
;;;
;;;
;;;
;;;
;;;
;;;
;;;
;;;
;;;
;;;
;;;
;;;
;;;
;;;
;;;
;;;
;;;
;;;
;;;
;;;
;;;
;;;
;;;
;;;
;;;
;;;
;;;
;;;
;;;
;;;
;;;
;;;
;;;
;;;
;;;
;3;;
;;;
;;;
;;;
;;;
;;;
;;;
;;;
;;;
;;;
;;;
;;;
;;;
;;;
;;;
;;;
;;;
;;;
;;;
;;;
;;;
;;;
;;;
;;;
;;;
;;;
;;;
;;;
;;;
;;;
;;;
;;;
;;;
;;;
;;;
;;;
;;;
;;;
;;;
;;;
;;;
;;;
;;;
;;;
;;;
;;;
;;;
;;;
;;;
;;;
;;;
;;;
;;;
;;;
;;;
;;;
;;;
;;;
;;;
;;;
;;;
;;;
;;;
;;;
;;;
;;;
;;;
;;;
;;;
;;;
;;;
;;;
;;;
;;;
;;;
;;;
;;;
;;;
;;;
;;;
;;;
;;;
;;;
;;;
;;;
;;;
;;;
;;;
;;;
;;;
;;;
;;;
;;;
;;;
;;;
;;;
;;;
;;;
;;;
;;;
;;;
;;;
;;;
;;;
;;;
;;;
;;;
;;;
;;;
;;;
;;;
;;;
;;;
;;;
;;;
;;;
;;;
;;;
;;;
;;;
;;;
;;;
;;;
;;;
;;;
;;;
;;;
;;;
;;;
;;;
;;;
;;;
;;;
;;;
;;;
;;;
;;;
;;;
;;;
;;;
;;;
;;;
;;;
;;;
;;;
;;;
;;;
;;;
;;;
;;;
;;;
;;;
;;;
;;;
;;;
;;;
;;;
;;;
;3;;
;;;
;;;
;;;
;;;
;;;
;;;
;;;
;;;
;;;
;;;
;;;
;;;
;;;
;;;
;;;
;;;
;;;
;;;
;;;
;;;
;;;
;;;
;;;
;;;
;;;
;;;
;;;
;;;
;;;
;;;
;;;
;;;
;;;
;;;
;;;
;;;
;;;
;;;
;;;
;;;
;;;
;;;
;;;
;;;
;;;
;;;
;;;
;;;
;;;
;;;
;;;
;;;
;;;
;;;
;;;
;;;
;;;
;;;
;;;
;;;
;;;
;;;
;;;
;;;
;;;
;;;
;;;
;;;
;;;
;;;
;;;
;;;
;;;
;;;
;;;
;;;
;;;
;;;
;;;
;;;
;;;
;;;
;;;
;;;
;;;
;;;
;;;
;;;
;;;
;;;
;;;
;;;
;;;
;;;
;;;
;;;
;;;
;;;
;;;
;;;
;;;
;;;
;;;
;;;
;;;
;;;
;;;
;;;
;;;
;;;
;;;
;;;
;;;
;;;
;;;
;;;
;;;
;;;
;;;
;;;
;;;
;;;
;;;
;;;
;;;
;;;
;;;
;;;
;;;
;;;
;;;
;;;
;;;
;;;
;;;
;;;
;;;
;;;
;;;
;;;
;;;
;;;
;;;
;;;
;;;
;;;
;;;
;;;
;;;
;;;
;;;
;;;
;;;
;;;
;;;
;;;
;;;
;;;
;;;
;;;
;;;
;;;
;;;
;;;
;;;
;;;
;;;
;;;
;;;
;;;
;;;
;;;
;;;
;;;
;;;
;;;
;;;
;;;
;;;
;;;
;;;
;;;
;;;
;;;
;;;
;;;
;;;
;;;
;;;
;;;
;;;
;;;
;;;
;;;
;;;
;;;
;;;
;;;
;;;
;;;
;;;
;;;
;;;
;;;
;;;
;;;
;;;
;;;
;;;
;;;
;;;
;;;
;;;
;;;
;;;
;;;
;;;
;;;
;;;
;;;
;;;
;;;
; cute face https://t.co/HxYsrYIm8y;;
;;;
;;;
;;;
;;;
;;;
;;;
;;;
;;;
;;;
;;;
;;;
;;;
;;;
;;;
;;;
;;;
;;;
;;;
;;;
;;;
;;;
;;;
;;;
;;;
;;;
;;;
;;;
;;;
;;;
;;;
;;;
;;;
;;;
;;;
;;;
;;;
;;;
;;;
;;;
;;;
;;;
;;;
;;;
;;;
;;;
;;;
;;;
;;;
;;;
;;;
;;;
;;;
;;;
;;;
;;;
;;;
;;;
;;;
;;;
;;;
;;;
;;;
;;;
;;;
;;;
;;;
;"333""";;
;;;
;;;
;;;
;;;
;;;
;;;
;;;
;;;
;;;
;;;
;;;
;;;
;;;
;;;
;;;
;;;
;;;
;;;
;;;
;;;
;;;
;;;
;;;
;;;
;;;
;;;
;;;
;;;
;;;
;;;
;;;
;;;
;;;
;;;
;;;
;;;
;;;
;;;
;;;
;;;
;;;
;;;
;;;
;;;
;;;
;;;
;;;
;;;
;;;
;;;
;;;
;;;
;;;
;;;
;;;
;;;
;;;
;;;
;;;
;;;
;;;
;;;
;;;
;;;
;;;
;;;
;;;
;;;
;;;
;;;
;;;
;;;
;;;
;;;
;;;
;;;
;;;
;;;
;;;
;;;
;;;
;;;
;;;
;;;
;;;
;;;
;;;
;;;
;;;
;;;
;;;
;;;
;;;
;;;
;;;
;;;
;;;
;;;
;;;
;;;
;;;
;;;
;;;
;;;
;;;
;;;
;;;
;;;
;;;
;;;
;;;
;;;
;;;
;;;
;;;
;;;
;;;
;;;
;;;
;;;
;;;
;;;
;;;
;;;
;;;
;;;
;;;
;;;
;;;
;;;
;;;
;;;
;;;
;;;
;;;
;;;
;;;
;;;
;;;
;;;
;;;
;;;
;;;
;;;
;;;
;;;
;;;
;;;
;;;
;;;
;;;
;;;
;;;
;;;
;;;
;;;
;;;
;;;
;;;
;;;
;;;
;;;
;;;
;;;
;;;
;;;
;;;
;;;
;;;
;;;
;;;
;;;
;;;
;;;
;;;
;;;
;;;
;;;
;;;
;;;
;;;
;;;
;;;
;;;
;;;
;;;
;;;
;;;
;;;
;;;
;;;
;;;
;;;
;;;
;;;
;;;
;;;
;;;
;;;
;;;
;;;
;;;
;;;
;;;
;;;
;;;
;;;
;;;
;;;
;;;
;;;
;;;
;;;
;;;
;;;
;;;
;;;
;;;
;;;
;;;
;;;
;"3""";;
;;;
;;;
;;;
;;;
;;;
;;;
;;;
;;;
;;;
;;;
;;;
;;;
;;;
;;;
;;;
;;;
;;;
;;;
;;;
;;;
;;;
;;;
;;;
;;;
;;;
;;;
;;;
;;;
;;;
;;;
;;;
;;;
;;;
;;;
;;;
;;;
;;;
;;;
;;;
;;;
;;;
;;;
;;;
;;;
;;;
;;;
;;;
;;;
;;;
;;;
;;;
;;;
;;;
;;;
;;;
;;;
;;;
;;;
;;;
;;;
;;;
;;;
;;;
;;;
;;;
;;;
;;;
;;;
;;;
;;;
;;;
;;;
;;;
;;;
;;;
;;;
;;;
;;;
;;;
;;;
;;;
;;;
;;;
;;;
;;;
;;;
;;;
;;;
;;;
;;;
;;;
;;;
;;;
;;;
;;;
;;;
;;;
;;;
;;;
;;;
;;;
;;;
;;;
;;;
;;;
;;;
;;;
;;;
;;;
;;;
;;;
;;;
;;;
;;;
;;;
;;;
;;;
;;;
;;;
;;;
;;;
;;;
;;;
;;;
;;;
;;;
;;;
;;;
;;;
;;;
;;;
;;;
;;;
;;;
;;;
;;;
;;;
;;;
;;;
;;;
;;;
;;;
;;;
;;;
;;;
;;;
;;;
;;;
;;;
;;;
;;;
;;;
;;;
;;;
;;;
;;;
;;;
;;;
;;;
;;;
;;;
;;;
;;;
;;;
;;;
;;;
;;;
;;;
;;;
;;;
;;;
;;;
;;;
;;;
;;;
;;;
;;;
;;;
;;;
;;;
;;;
;;;
;;;
;;;
;;;
;;;
;;;
;;;
;;;
;;;
;;;
;;;
;;;
;;;
;;;
;;;
;;;
;;;
;;;
;;;
;;;
;;;
;;;
;;;
;;;
;;;
;;;
;;;
;;;
;;;
;;;
;;;
;;;
;;;
;;;
;;;
;;;
;;;
;;;
;;;
;;;
;;;
;;;
;;;
;;;
;;;
;;;
;;;
;;;
;;;
;;;
;;;
;;;
;;;
;;;
;;;
;;;
;;;
;;;
;;;
;;;
;;;
;;;
;;;
;;;
;;;
;;;
;;;
;;;
;;;
;;;
;;;
;;;
;;;
;;;
;;;
;;;
;;;
;;;
;;;
;;;
;;;
;;;
;;;
;;;
;;;
;;;
;;;
;;;
;;;
;;;
;;;
;;;
;;;
;;;
;;;
;;;
;;;
;;;
;;;
;;;
;;;
;;;
;;;
;;;
;;;
;;;
;;;
;;;
;;;
;;;
;;;
;;;
;;;
;;;
;;;
;;;
;;;
;;;
;;;
;;;
;;;
;;;
;;;
;;;
;;;
;;;
;;;
;;;
;;;
;;;
;;;
;;;
;;;
;;;
;;;
;;;
;;;
;;;
;;;
;;;
;;;
;;;
;;;
;;;
;;;
;;;
;;;
;;;
;;;
;;;
;;;
;;;
;;;
;;;
;;;
;;;
;;;
;;;
;;;
;;;
;;;
;;;
;;;
;;;
;;;
;;;
;;;
;;;
;;;
;;;
;;;
;;;
;;;
;;;
;;;
;;;
;;;
;;;
;;;
;;;
;;;
;;;
;;;
;;;
;;;
;;;
;;;
;;;
;;;
;;;
;;;
;;;
;;;
;;;
;;;
;;;
;;;
;;;
;;;
;;;
;;;
;;;
;;;
;;;
;;;
;;;
;;;
;;;
;;;
;;;
;;;
;;;
;;;
;;;
;;;
;;;
;;;
;;;
;;;
;;;
;;;
;;;
;;;
;;;
;;;
;;;
;;;
;;;
;;;
;;;
;;;
;;;
;;;
;;;
;;;
;;;
;;;
;;;
;;;
;;;
;;;
;;;
;;;
;;;
;;;
;;;
;;;
;;;
;;;
;;;
;;;
;;;
;;;
;;;
;;;
;;;
;;;
;;;
;;;
;;;
;;;
;;;
;;;
;;;
;;;
;;;
;;;
;;;
;;;
;;;
;;;
;;;
;;;
;;;
;;;
;;;
;;;
;;;
;;;
;;;
;;;
;;;
;;;
;;;
;;;
;;;
;;;
;;;
;;;
;;;
;;;
;;;
;;;
;;;
;;;
;;;
;;;
;;;
;;;
;;;
;;;
;;;
;;;
;;;
;;;
;;;
;;;
;;;
;;;
;;;
;;;
;;;
;;;
;;;
;;;
;;;
;;;
;;;
;;;
;;;
;;;
;;;
;;;
;;;
;;;
;;;
;;;
;;;
;;;
;;;
;;;
;;;
;;;
;;;
;;;
;;;
;;;
;;;
;;;
;;;
;;;
;;;
;;;
;;;
;;;
;;;
;;;
;;;
;;;
;;;
;;;
;;;
;;;
;;;
;;;
;;;
;;;
;;;
;;;
;;;
;;;
;;;
;;;
;;;
;;;
;;;
;;;
;;;
;;;
;;;
;;;
;;;
;;;
;;;
;;;
;;;
;;;
;;;
;;;
;;;
;;;
;;;
;;;
;;;
;;;
;;;
;;;
;;;
;;;
;;;
;;;
;;;
;;;
;;;
;;;
;;;
;;;
;;;
;;;
;;;
;;;
;;;
;;;
;;;
;;;
;;;
;;;
;;;
;;;
;;;
;;;
;;;
;;;
;;;
;;;
;;;
;;;
;;;
;;;
;;;
;;;
;;;
;;;
;;;
;;;
;;;
;;;
;;;
;;;
;;;
;;;
;;;
;;;
;;;
;;;
;;;
;;;
;;;
;;;
;;;
;;;
;;;
;;;
;;;
;;;
;;;
;;;
;;;
;;;
;;;
;;;
;;;
;;;
;;;
;;;
;;;
;;;
;;;
;;;
;;;
;;;
;;;
;;;
;;;
;;;
;;;
;;;
;;;
;;;
;;;
;;;
;;;
;;;
;;;
;;;
;;;
;;;
;;;
;;;
;;;
;;;
;;;
;;;
;;;
;;;
;;;
;;;
;;;
;;;
;;;
;;;
;;;
;;;
;;;
;;;
;;;
;;;
;;;
;;;
;;;
;;;
;;;
;;;
;;;
;;;
;;;
;;;
;;;
;;;
;;;
;;;
;;;
;/3);;
;;;
;;;
;;;
;;;
;;;
;;;
;;;
;;;
;;;
;;;
;;;
;;;
;;;
;;;
;;;
;;;
;;;
;;;
;3;;
;;;
;;;
;;;
;;;
;;;
;;;
;;;
;;;
;;;
;;;
;;;
;;;
;;;
;;;
;;;
;;;
;;;
;;;
;;;
;;;
;;;
;;;
;;;
;;;
;;;
;;;
;;;
;;;
;;;
;;;
;;;
;;;
;;;
;;;
;;;
;;;
;;;
;;;
;;;
;;;
;;;
;;;
;;;
;;;
;;;
;;;
;;;
;;;
;;;
;;;
;;;
;;;
;;;
;;;
;;;
;;;
;;;
;;;
;;;
;;;
;;;
;;;
;;;
;;;
;;;
;;;
;;;
;;;
;;;
;;;
;;;
;;;
;;;
;;;
;;;
;;;
;;;
;;;
;;;
;;;
;;;
;;;
;;;
;;;
;;;
;;;
;;;
;;;
;;;
;;;
;;;
;;;
;;;
;;;
;;;
;;;
;;;
;;;
;;;
;;;
;;;
;;;
;;;
;;;
;;;
;;;
;;;
;;;
;;;
;;;
;;;
;;;
;;;
;;;
;;;
;;;
;;;
;;;
;;;
;"3""";;
;;;
;;;
;;;
;;;
;;;
;;;
;;;
;;;
;;;
;;;
;;;
;;;
;;;
;;;
;;;
;;;
;;;
;;;
;;;
;;;
;;;
;;;
;;;
;;;
;;;
;;;
;;;
;;;
;;;
;;;
;;;
;;;
;;;
;;;
;;;
;;;
;;;
;;;
;;;
;;;
;;;
;;;
;;;
;;;
;;;
;;;
;;;
;;;
;;;
;;;
;;;
;;;
;;;
;;;
;;;
;;;
;;;
;;;
;;;
;;;
;;;
;;;
;;;
;;;
;;;
;;;
;;;
;;;
;;;
;;;
;;;
;;;
;;;
;;;
;;;
;;;
;;;
;;;
;;;
;;;
;;;
;;;
;;;
;;;
;;;
;;;
;;;
;;;
;;;
;;;
;&gt;&gt;https://t.co/0Xytu7kYq5
;;;
;;;
;3;;
;;;
;;;
;;;
;;;
;;;
;;;
;;;
;;;
;;;
;;;
;3;;
;;;
;3;;
;;;
;;;
;;;
;;;
;;;
;;;
;;;
;;;
;;;
;;;
;;;
;;;
;;;
;;;
;;;
;;;
;;;
;;;
;;;
;;;
;;;
;;;
;;;
;;;
;;;
;;;
;;;
;;;
;;;
;3 eu tambÈm tenho broken pussy;;
;;;
;;;
;;;
;;;
;;;
;;;
;;;
;;;
;;;
;;;
;;;
;;;
;;;
;;;
;;;
;;;
;;;
;;;
;;;
;;;
;;;
;;;
;;;
;;;
;;;
;;;
;;;
;;;
;;;
;;;
;;;
;;;
;;;
;;;
;;;
;;;
;;;
;;;
;;;
;;;
;;;
;;;
;;;
;;;
;;;
;;;
;;;
;;;
;;;
;;;
;;;
;;;
;;;
;;;
;;;
;;;
;;;
;;;
;;;
;;;
;;;
;;;
;;;
;;;
;;;
;;;
;;;
;;;
;;;
;;;
;;;
;;;
;;;
;;;
;;;
;;;
;;;
;;;
;;;
;;;
;;;
;;;
;;;
;;;
;;;
;;;
;;;
;;;
;;;
;;;
;;;
;;;
;;;
;;;
;;;
;;;
;;;
;;;
;;;
;;;
;;;
;;;
;;;
;;;
;;;
;;;
;;;
;;;
;;;
;;;
;;;
;;;
;;;
;;;
;;;
;;;
;;;
;;;
;;;
;;;
;;;
;;;
;;;
;;;
;;;
;;;
;;;
;;;
;;;
;;;
;;;
;;;
;;;
;;;
;;;
;;;
;;;
;;;
;;;
;;;
;;;
;;;
;;;
;;;
;;;
;;;
;;;
;;;
;;;
;;;
;;;
;;;
;;;
;;;
;;;
;;;
;;;
;;;
;;;
;;;
;;;
;;;
;;;
;;;
;;;
;;;
;;;
;;;
;;;
;;;
;;;
;;;
;;;
;;;
;;;
;;;
;;;
;;;
;;;
;;;
;;;
;;;
;;;
;;;
;;;
;;;
;;;
;;;
;;;
;;;
;;;
;3;;
;;;
;;;
;;;
;;;
;;;
;;;
;;;
;;;
;;;
;;;
;;;
;;;
;;;
;;;
;;;
;;;
;;;
;;;
;;;
;;;
;;;
;;;
;;;
;;;
;;;
;;;
;;;
;;;
;;;
;;;
;;;
;;;
;;;
;;;
;;;
;;;
;;;
;;;
;;;
;;;
;;;
;;;
;;;
;;;
;;;
;;;
;;;
;;;
;;;
;;;
;;;
;;;
;;;
;;;
;;;
;;;
;;;
;;;
;;;
;;;
;;;
;;;
;;;
;;;
;;;
;;;
;;;
;;;
;;;
;;;
;;;
;;;
;;;
;;;
;;;
;;;
;;;
;;;
;;;
;;;
;;;
;;;
;;;
;;;
;;;
;;;
;;;
;;;
;;;
;;;
;;;
;;;
;;;
;;;
;;;
;;;
;;;
;;;
;;;
;;;
;;;
;;;
;;;
;;;
;;;
;;;
;;;
;;;
;;;
;;;
;;;
;;;
;;;
;;;
;;;
;;;
;;;
;;;
;;;
;;;
;;;
;;;
;;;
;;;
;;;
;;;
;;;
;;;
;;;
;;;
;;;
;;;
;;;
;;;
;;;
;;;
;;;
;;;
;;;
;;;
;;;
;;;
;;;
;;;
;;;
;;;
;;;
;;;
;;;
;;;
;;;
;;;
;;;
;;;
;;;
;;;
;;;
;;;
;;;
;;;
;;;
;;;
;;;
;;;
;;;
;;;
;;;
;;;
;;;
;;;
;;;
;;;
;;;
;;;
;;;
;;;
;;;
;;;
;;;
;;;
;;;
;;;
;;;
;;;
;;;
;;;
;;;
;;;
;;;
;;;
;;;
;;;
;;;
;;;
;;;
;;;
;;;
;;;
;;;
;;;
;;;
;;;
;;;
;;;
;;;
;;;
;;;
;;;
;;;
;;;
;;;
;;;
;;;
;;;
;;;
;;;
;;;
;;;
;;;
;;;
;;;
;;;
;;;
;;;
;;;
;;;
;;;
;;;
;;;
;;;
;;;
;;;
;;;
;;;
;;;
;;;
;;;
;;;
;;;
;;;
;;;
;;;
;;;
;;;
;;;
;;;
;;;
;;;
;;;
;;;
;;;
;;;
;;;
;;;
;;;
;;;
;;;
;;;
;;;
;;;
;;;
;;;
;;;
;;;
;;;
;;;
;;;
;;;
;;;
;;;
;;;
;;;
;;;
;;;
;;;
;;;
;;;
;;;
;;;
; seguraram ele atÈ demais. Mengo tem q iniciar o planejamento para 2018.;;
;;;
;;;
;;;
;;;
;;;
;;;
;;;
;;;
;;;
;;;
;;;
;;;
;;;
;;;
;;;
;;;
;;;
;;;
;;;
;;;
;;;
;;;
;;;
;;;
;;;
;;;
;;;
;;;
;;;
;;;
;;;
;;;
;;;
;;;
;;;
;;;
;;;
;;;
;;;
;;;
;;;
;;;
;;;
;;;
;;;
;;;
;;;
;;;
;;;
;;;
;;;
;;;
;;;
;;;
;;;
;;;
;;;
;;;
;;;
;;;
;;;
;;;
;;;
;;;
;;;
;;;
;;;
;;;
;;;
;;;
;;;
;;;
;;;
;;;
;;;
;;;
;;;
;;;
;;;
;;;
;;;
;;;
;;;
;;;
;;;
;;;
;;;
;;;
;;;
;;;
;;;
;;;
;;;
;;;
;;;
;;;
;;;
;;;
;;;
;;;
;;;
;;;
;;;
;;;
;;;
;;;
;;;
;;;
;;;
;;;
;;;
;;;
;;;
;;;
;;;
;;;
;;;
;;;
;;;
;;;
;;;
;;;
;;;
;;;
;;;
;;;
;;;
;;;
;;;
;;;
;;;
;;;
;;;
;;;
;;;
;;;
;;;
;;;
;;;
;;;
;;;
;;;
;;;
;;;
;;;
;;;
;;;
;;;
;;;
;;;
;;;
;;;
;;;
;;;
;;;
;;;
;;;
;;;
;;;
;;;
;;;
;;;
;;;
;;;
;;;
;;;
;;;
;;;
;;;
;;;
;;;
;;;
;;;
;;;
;;;
;;;
;;;
;;;
;;;
;;;
;;;
;;;
;;;
;;;
;;;
;;;
;;;
;;;
;;;
;;;
;;;
;;;
;;;
;;;
;;;
;;;
;;;
;;;
;;;
;;;
;;;
;;;
;;;
;;;
;;;
;;;
;;;
;;;
;;;
;;;
;;;
;;;
;;;
;;;
;;;
;;;
;;;
;;;
;;;
;;;
;;;
;;;
;;;
;;;
;;;
;;;
;;;
;;;
;;;
;;;
;;;
;;;
;;;
;;;
;;;
;;;
;;;
;;;
;;;
;;;
;;;
;;;
;;;
;;;
;;;
;;;
;;;
;;;
;;;
;;;
;;;
;;;
;;;
;;;
;;;
;;;
;;;
;;;
;;;
;;;
;;;
;;;
;;;
;;;
;;;
;;;
;;;
;;;
;;;
;;;
;;;
;;;
;;;
;;;
;;;
;;;
;;;
;;;
;;;
;;;
;;;
;;;
;;;
;;;
;;;
;;;
;;;
;&gt;&gt;&gt
;;;
;;;
;;;
;;;
;;;
;;;
;;;
;;;
;;;
;;;
;;;
;;;
;;;
;;;
;;;
;;;
;;;
;;;
;;;
;;;
;;;
;;;
;;;
;;;
;;;
;;;
;;;
;;;
;;;
;;;
;;;
;;;
;;;
;;;
;;;
;;;
;;;
;;;
;;;
;;;
;;;
;;;
;;;
;;;
;;;
;;;
;;;
;;;
;;;
;;;
;;;
;;;
;;;
;;;
;;;
;;;
;;;
;;;
;;;
;;;
;;;
;;;
;;;
;;;
;;;
;;;
;;;
;;;
;;;
;;;
;;;
;;;
;;;
;;;
;;;
;;;
;;;
;;;
;;;
;;;
;;;
;;;
;;;
;;;
;;;
;;;
;;;
;;;
;;;
;;;
;;;
;;;
;;;
;;;
;;;
;;;
;;;
;;;
;;;
;;;
;;;
;;;
;;;
;;;
;;;
;;;
;;;
;;;
;;;
;;;
;;;
;;;
;;;
;;;
;;;
;;;
;;;
;;;
;;;
;;;
;;;
;;;
;;;
;;;
;;;
;;;
;;;
;;;
;;;
;;;
;;;
;;;
;;;
;;;
;;;
;;;
;3;;
;;;
;;;
;;;
;;;
;;;
;;;
;;;
;;;
;;;
;;;
;;;
;;;
;;;
;;;
;;;
;;;
;;;
;;;
;;;
;;;
;;;
;;;
;;;
;;;
;;;
;;;
;;;
;;;
;;;
;;;
;;;
;;;
;;;
;;;
;;;
;;;
;;;
;;;
;;;
;;;
;;;
;;;
;;;
;;;
;;;
;;;
;;;
;;;
;;;
;;;
;;;
;;;
;;;
;;;
;;;
;;;
;;;
;;;
;;;
;;;
;;;
;;;
;;;
;;;
;;;
;;;
;;;
;;;
;;;
;;;
;;;
;;;
;;;
;;;
;;;
;;;
;;;
;;;
;;;
;;;
;;;
;;;
;;;
;;;
;;;
;;;
;;;
;;;
;;;
;;;
;;;
;;;
;;;
;;;
;;;
;;;
;;;
;;;
;;;
;;;
;;;
;;;
;;;
;;;
;;;
;;;
;"3""";;
;;;
;;;
;;;
;;;
;;;
;;;
;;;
;;;
;;;
;;;
;;;
;;;
;;;
;;;
;;;
;;;
;;;
;;;
;;;
;;;
;;;
;;;
;;;
;;;
;;;
;;;
;;;
;;;
;;;
;;;
;;;
;;;
;;;
;;;
;;;
;;;
;;;
;;;
;;;
;;;
;;;
;;;
;;;
;;;
;;;
;;;
;;;
;;;
;;;
;;;
;;;
;;;
;;;
;;;
;;;
;;;
;;;
;;;
;;;
;;;
;;;
;;;
;;;
;;;
;;;
;;;
;;;
;;;
;;;
;;;
;;;
;;;
;;;
;;;
;;;
;;;
;;;
;;;
;;;
;;;
;;;
;;;
;;;
;;;
;;;
;;;
;;;
;;;
;;;
;;;
;;;
;;;
;;;
;;;
;;;
;;;
;;;
;;;
;;;
;;;
;;;
;;;
;;;
;;;
;;;
;;;
;;;
;;;
;;;
;;;
;;;
;;;
;;;
;;;
;;;
;;;
;;;
;;;
;;;
;;;
;;;
;;;
;;;
;;;
;;;
;;;
;;;
;;;
;;;
;;;
;;;
;;;
;;;
;;;
;;;
;;;
;;;
;;;
;;;
;;;
;;;
;;;
;;;
;;;
;;;
;;;
;;;
;;;
;;;
;;;
;;;
;;;
;;;
;;;
;;;
;;;
;;;
;;;
;;;
;;;
;;;
;;;
;;;
;;;
;;;
;;;
;;;
;;;
;;;
;;;
;;;
;;;
;;;
;;;
;;;
;;;
;;;
;;;
;;;
;;;
;;;
;;;
;;;
;;;
;;;
;;;
;;;
;;;
;;;
;;;
;;;
;;;
;;;
;;;
;;;
;;;
;;;
;;;
;;;
;;;
;;;
;;;
;;;
;;;
;;;
;;;
;;;
;;;
;;;
;;;
;;;
;;;
;;;
;;;
;;;
;;;
;;;
;;;
;;;
;;;
;;;
;;;
;;;
;;;
;;;
;;;
;;;
;;;
;;;
;;;
;;;
;;;
;;;
;;;
;;;
;;;
;;;
;;;
;;;
;;;
;;;
;;;
;;;
;;;
;;;
;;;
;;;
;;;
;;;
;;;
;;;
;;;
;;;
;;;
;;;
;;;
;;;
;;;
;;;
;;;
;;;
;;;
;;;
;;;
;;;
;;;
;;;
;;;
;;;
;;;
;;;
;;;
;;;
;;;
;;;
;;;
;;;
;;;
;;;
;;;
;;;
;;;
;;;
;;;
;;;
;;;
;;;
;;;
;;;
;;;
;;;
;;;
;;;
;;;
;;;
;;;
;;;
;;;
;;;
;;;
;;;
;;;
;;;
;;;
;;;
;;;
;;;
;;;
;;;
;;;
;;;
;;;
;;;
;;;
;;;
;;;
;;;
;;;
;;;
;;;
;;;
;;;
;;;
;;;
;;;
;;;
;;;
;;;
;;;
;;;
;;;
;;;
;;;
;;;
;;;
;;;
;;;
;;;
;;;
;;;
;;;
;;;
;;;
;;;
;;;
;;;
;;;
;;;
;;;
;;;
;;;
;;;
;;;
;;;
;;;
;;;
;;;
;;;
;;;
;;;
;;;
;;;
;;;
;;;
;;;
;;;
;;;
;;;
;;;
;;;
;;;
;;;
;;;
;;;
;;;
;;;
;;;
;;;
;;;
;;;
;;;
;;;
;;;
;;;
;;;
;;;
;;;
;;;
;;;
;;;
;;;
;;;
;;;
;;;
;;;
;;;
;;;
;;;
;;;
;;;
;;;
;;;
;;;
;;;
;;;
;;;
;;;
;;;
;;;
;;;
;;;
;;;
;;;
;;;
;;;
;;;
;;;
;;;
;;;
;;;
;;;
;;;
;;;
;;;
;;;
;;;
;;;
;;;
;;;
;;;
;;;
;;;
;;;
;;;
;;;
;;;
;;;
;;;
;;;
;;;
;;;
;;;
;;;
;;;
;;;
;;;
;;;
;;;
;;;
;;;
;;;
;;;
;;;
;;;
;;;
;;;
;;;
;;;
;;;
;;;
;;;
;;;
;;;
;;;
;;;
;;;
;;;
;;;
;;;
;;;
;;;
;;;
;;;
;;;
;;;
;;;
;;;
;;;
;;;
;;;
;;;
;;;
;;;
;;;
;;;
;;;
;;;
;;;
;;;
;;;
;;;
;;;
;;;
;;;
;;;
;;;
;;;
;;;
;;;
;;;
;;;
;;;
;;;
;;;
;;;
;;;
;;;
;;;
;;;
;;;
;;;
;;;
;;;
;;;
;;;
;;;
;;;
;;;
;;;
;;;
;;;
;3;;
;;;
;;;
;;;
;;;
;;;
;;;
;;;
;;;
;;;
;;;
;;;
;;;
;;;
;;;
;;;
;;;
;;;
;;;
;;;
;;;
;;;
;;;
;;;
;;;
;;;
;;;
;;;
;;;
;;;
;;;
;;;
;;;
;;;
;;;
;;;
;;;
;;;
;;;
;;;
;;;
;;;
;;;
;;;
;;;
;;;
;;;
;;;
;;;
;;;
;;;
;;;
;;;
;;;
;;;
;;;
;;;
;;;
;;;
;;;
;;;
;;;
;;;
;;;
;;;
;;;
;;;
;;;
;;;
;;;
;;;
;;;
;;;
;;;
;;;
;;;
;;;
;;;
; porque o testemunho de Jesus È o espÌrito de profecia.;;
